label	suggested	rule	category	left	right	stratum	mechanism	sim	evidence
	review	none	Country	Киргизька Республіка	Литовська Республіка	a	edit-similarity	0.75	
same	same	cross-script	Country	India	Індія	b	transliteration	0	
different	different	differing-digits	Device	MikroTik CCR 1016	MikroTik CCR 1036	a	edit-similarity	0.9412	
different	different	differing-digits	Device	Netgear WNR1000	Netgear WNR2000	a	edit-similarity	0.9333	
different	different	differing-digits	Device	Netgear R7000	Netgear R8000	a	edit-similarity	0.9231	
different	different	differing-digits	Device	MikroTik CCR 1016	MikroTik CCR 1072	a	edit-similarity	0.8824	
different	different	differing-digits	Device	MikroTik CCR 1036	MikroTik CCR 1072	a	edit-similarity	0.8824	
different	different	differing-digits	Device	Linksys E1200	Linksys E2500	a	edit-similarity	0.8462	
different	different	differing-digits	Device	Netgear R6400	Netgear R7000	a	edit-similarity	0.8462	
different	different	differing-digits	Device	Netgear R6400	Netgear R8000	a	edit-similarity	0.8462	
different	different	differing-digits	Device	Netgear R7000	Netgear WNR1000	a	edit-similarity	0.8	
different	different	differing-digits	Device	Netgear R7000	Netgear WNR2000	a	edit-similarity	0.8	
different	different	differing-digits	Device	Netgear R8000	Netgear WNR1000	a	edit-similarity	0.8	
different	different	differing-digits	Device	Netgear R8000	Netgear WNR2000	a	edit-similarity	0.8	
different	different	differing-digits	Device	Netgear DGN2200	Netgear WNR2000	a	edit-similarity	0.7333	
different	different	differing-digits	Device	Netgear R6400	Netgear WNR1000	a	edit-similarity	0.7333	
different	different	differing-digits	Device	Netgear R6400	Netgear WNR2000	a	edit-similarity	0.7333	
same	same	punctuation-only	Government Body	Держспецзв'язку	Держспецзв’язку	a	edit-similarity	1	
	review	none	Government Body	Департамент кіберполіції Національної поліції України	Департаменту кіберполіції Національної поліції України	a	edit-similarity	0.9815	
	review	none	Government Body	Адміністрація Держспецзв'язку	Адміністрації Держспецзв’язку	a	edit-similarity	0.931	
same	same	decorated-identifier	Government Body	Національний банк України	Національний банк України (НБУ)	a	edit-similarity	0.8571	
same	same	decorated-identifier	Government Body	Служба безпеки України	Служба безпеки України (СБУ)	a	edit-similarity	0.8571	
	review	none	Government Body	Національний банк України	Національного банку України	a	edit-similarity	0.8519	
	review	none	Government Body	Адміністрація Держспецзв'язку	Держспецзв'язку	a	edit-similarity	0.8	
	review	none	Government Body	Адміністрація Держспецзв'язку	Держспецзв’язку	a	edit-similarity	0.8	
	review	none	Government Body	Адміністрації Держспецзв’язку	Держспецзв'язку	a	edit-similarity	0.8	
	review	none	Government Body	Адміністрації Держспецзв’язку	Держспецзв’язку	a	edit-similarity	0.8	
	review	none	Government Body	ДЦКЗ Держспецзв'язку	Держспецзв'язку	a	edit-similarity	0.8	
	review	none	Government Body	ДЦКЗ Держспецзв'язку	Держспецзв’язку	a	edit-similarity	0.8	
	review	none	Government Body	Апарату Ради національної безпеки і оборони України	Рада національної безпеки та оборони України	a	edit-similarity	0.7843	
	review	none	Government Body	Державний центр кіберзахисту Держспецзв’язку	Державний центр кіберзахисту та протидії кіберзагрозам Держспецзв’язку	a	edit-similarity	0.7692	
	review	none	Government Body	Оперативний центр реагування на кіберінциденти Державного центру кіберзахисту Держспецзв’язку	Оперативний центр реагування на кіберінциденти та кібератаки (SOC) Державного центру кіберзахисту	a	edit-similarity	0.7619	
	review	none	Government Body	Національний банк України (CSIRT-NBU)	Національний банк України (НБУ)	a	edit-similarity	0.7568	
	review	none	Government Body	ДСНС України	МОН України	a	edit-similarity	0.75	
	review	none	Government Body	ДСНС України	СБ України	a	edit-similarity	0.75	
	review	none	Government Body	Державний центр кіберзахисту	Державний центр кіберзахисту Держспецзв’язку	a	edit-similarity	0.75	
	review	none	Government Body	Міністерство оборони Киргизької Республіки	Міністерство оборони Республіки Вірменія	a	edit-similarity	0.75	
	review	none	Government Body	Міністерство оборони України	Міністерство юстиції України	a	edit-similarity	0.75	
same	same	decorated-identifier	Government Body	Національний банк України	Національний банк України (CSIRT-NBU)	a	edit-similarity	0.75	
	review	none	Government Body	Міністерство енергетики України	Міністерство оборони України	a	edit-similarity	0.7419	
	review	none	Government Body	МОН України	СБ України	a	edit-similarity	0.7273	
	review	none	Government Body	Національний координаційний центр кібербезпеки	Національний координаційний центр кібербезпеки РНБО України (НКЦК)	a	edit-similarity	0.7273	
	review	none	Government Body	ДСНС України	ССО ЗС України	a	edit-similarity	0.7143	
	review	none	Government Body	Міністерство енергетики України	Міністерство юстиції України	a	edit-similarity	0.7097	
same	same	punctuation-only	HackerGroup	@CyberArmyofRussia_Reborn	CyberArmyofRussia_Reborn	a	edit-similarity	1	
different	different	differing-digits	HackerGroup	APT28 (UAC-0028)	UAC-0028 (APT28)	a	identifier	1	
different	different	differing-digits	HackerGroup	UAC-0001	UAC-0002	a	edit-similarity	0.875	
different	different	differing-digits	HackerGroup	UAC-0001	UAC-0006	a	edit-similarity	0.875	
different	different	differing-digits	HackerGroup	UAC-0001	UAC-0007	a	edit-similarity	0.875	
different	different	differing-digits	HackerGroup	UAC-0001	UAC-0041	a	edit-similarity	0.875	
different	different	differing-digits	HackerGroup	UAC-0001	UAC-0101	a	edit-similarity	0.875	
different	different	differing-digits	HackerGroup	UAC-0001 (APT28)	UAC-0028 (APT28)	a	edit-similarity	0.875	
different	different	differing-digits	HackerGroup	UAC-0002	UAC-0006	a	edit-similarity	0.875	
different	different	differing-digits	HackerGroup	UAC-0002	UAC-0007	a	edit-similarity	0.875	
different	different	differing-digits	HackerGroup	UAC-0002	UAC-0082	a	edit-similarity	0.875	
different	different	differing-digits	HackerGroup	UAC-0002	UAC-0102	a	edit-similarity	0.875	
different	different	differing-digits	HackerGroup	UAC-0006	UAC-0007	a	edit-similarity	0.875	
different	different	differing-digits	HackerGroup	UAC-0006	UAC-0026	a	edit-similarity	0.875	
different	different	differing-digits	HackerGroup	UAC-0006	UAC-0056	a	edit-similarity	0.875	
different	different	differing-digits	HackerGroup	UAC-0006	UAC-0096	a	edit-similarity	0.875	
different	different	differing-digits	HackerGroup	UAC-0007	UAC-0027	a	edit-similarity	0.875	
different	different	differing-digits	HackerGroup	UAC-0007	UAC-0057	a	edit-similarity	0.875	
different	different	differing-digits	HackerGroup	UAC-0007	UAC-0097	a	edit-similarity	0.875	
different	different	differing-digits	HackerGroup	UAC-0010	UAC-0018	a	edit-similarity	0.875	
different	different	differing-digits	HackerGroup	UAC-0010	UAC-0050	a	edit-similarity	0.875	
different	different	differing-digits	HackerGroup	UAC-0010	UAC-0210	a	edit-similarity	0.875	
different	different	differing-digits	HackerGroup	UAC-0018	UAC-0028	a	edit-similarity	0.875	
different	different	differing-digits	HackerGroup	UAC-0018	UAC-0088	a	edit-similarity	0.875	
different	different	differing-digits	HackerGroup	UAC-0018	UAC-0098	a	edit-similarity	0.875	
different	different	differing-digits	HackerGroup	UAC-0018	UAC-0118	a	edit-similarity	0.875	
different	different	differing-digits	HackerGroup	UAC-0018	UAC-0218	a	edit-similarity	0.875	
different	different	differing-digits	HackerGroup	UAC-0026	UAC-0027	a	edit-similarity	0.875	
different	different	differing-digits	HackerGroup	UAC-0026	UAC-0028	a	edit-similarity	0.875	
different	different	differing-digits	HackerGroup	UAC-0026	UAC-0056	a	edit-similarity	0.875	
different	different	differing-digits	HackerGroup	UAC-0026	UAC-0096	a	edit-similarity	0.875	
different	different	differing-digits	HackerGroup	UAC-0027	UAC-0028	a	edit-similarity	0.875	
different	different	differing-digits	HackerGroup	UAC-0027	UAC-0057	a	edit-similarity	0.875	
different	different	differing-digits	HackerGroup	UAC-0027	UAC-0097	a	edit-similarity	0.875	
different	different	differing-digits	HackerGroup	UAC-0028	UAC-0088	a	edit-similarity	0.875	
different	different	differing-digits	HackerGroup	UAC-0028	UAC-0098	a	edit-similarity	0.875	
different	different	differing-digits	HackerGroup	UAC-0050	UAC-0056	a	edit-similarity	0.875	
different	different	differing-digits	HackerGroup	UAC-0050	UAC-0057	a	edit-similarity	0.875	
different	different	differing-digits	HackerGroup	UAC-0056	UAC-0057	a	edit-similarity	0.875	
different	different	differing-digits	HackerGroup	UAC-0056	UAC-0096	a	edit-similarity	0.875	
different	different	differing-digits	HackerGroup	UAC-0057	UAC-0097	a	edit-similarity	0.875	
different	different	differing-digits	HackerGroup	UAC-0082	UAC-0088	a	edit-similarity	0.875	
different	different	differing-digits	HackerGroup	UAC-0088	UAC-0098	a	edit-similarity	0.875	
different	different	differing-digits	HackerGroup	UAC-0088	UAC-0188	a	edit-similarity	0.875	
different	different	differing-digits	HackerGroup	UAC-0094	UAC-0096	a	edit-similarity	0.875	
different	different	differing-digits	HackerGroup	UAC-0094	UAC-0097	a	edit-similarity	0.875	
different	different	differing-digits	HackerGroup	UAC-0094	UAC-0098	a	edit-similarity	0.875	
different	different	differing-digits	HackerGroup	UAC-0094	UAC-0099	a	edit-similarity	0.875	
different	different	differing-digits	HackerGroup	UAC-0096	UAC-0097	a	edit-similarity	0.875	
different	different	differing-digits	HackerGroup	UAC-0096	UAC-0098	a	edit-similarity	0.875	
different	different	differing-digits	HackerGroup	UAC-0096	UAC-0099	a	edit-similarity	0.875	
different	different	differing-digits	HackerGroup	UAC-0097	UAC-0098	a	edit-similarity	0.875	
different	different	differing-digits	HackerGroup	UAC-0097	UAC-0099	a	edit-similarity	0.875	
different	different	differing-digits	HackerGroup	UAC-0098	UAC-0099	a	edit-similarity	0.875	
different	different	differing-digits	HackerGroup	UAC-0098	UAC-0198	a	edit-similarity	0.875	
different	different	differing-digits	HackerGroup	UAC-0101	UAC-0102	a	edit-similarity	0.875	
different	different	differing-digits	HackerGroup	UAC-0101	UAC-0104	a	edit-similarity	0.875	
different	different	differing-digits	HackerGroup	UAC-0102	UAC-0104	a	edit-similarity	0.875	
different	different	differing-digits	HackerGroup	UAC-0102	UAC-0132	a	edit-similarity	0.875	
different	different	differing-digits	HackerGroup	UAC-0102	UAC-0142	a	edit-similarity	0.875	
different	different	differing-digits	HackerGroup	UAC-0104	UAC-0114	a	edit-similarity	0.875	
different	different	differing-digits	HackerGroup	UAC-0104	UAC-0154	a	edit-similarity	0.875	
different	different	differing-digits	HackerGroup	UAC-0104	UAC-0184	a	edit-similarity	0.875	
different	different	differing-digits	HackerGroup	UAC-0113	UAC-0114	a	edit-similarity	0.875	
different	different	differing-digits	HackerGroup	UAC-0113	UAC-0118	a	edit-similarity	0.875	
different	different	differing-digits	HackerGroup	UAC-0113	UAC-0133	a	edit-similarity	0.875	
different	different	differing-digits	HackerGroup	UAC-0113	UAC-0173	a	edit-similarity	0.875	
different	different	differing-digits	HackerGroup	UAC-0114	UAC-0118	a	edit-similarity	0.875	
different	different	differing-digits	HackerGroup	UAC-0114	UAC-0154	a	edit-similarity	0.875	
different	different	differing-digits	HackerGroup	UAC-0114	UAC-0184	a	edit-similarity	0.875	
different	different	differing-digits	HackerGroup	UAC-0118	UAC-0168	a	edit-similarity	0.875	
different	different	differing-digits	HackerGroup	UAC-0118	UAC-0188	a	edit-similarity	0.875	
different	different	differing-digits	HackerGroup	UAC-0118	UAC-0198	a	edit-similarity	0.875	
different	different	differing-digits	HackerGroup	UAC-0118	UAC-0218	a	edit-similarity	0.875	
different	different	differing-digits	HackerGroup	UAC-0120	UAC-0125	a	edit-similarity	0.875	
different	different	differing-digits	HackerGroup	UAC-0120	UAC-0140	a	edit-similarity	0.875	
different	different	differing-digits	HackerGroup	UAC-0120	UAC-0170	a	edit-similarity	0.875	
different	different	differing-digits	HackerGroup	UAC-0120	UAC-0180	a	edit-similarity	0.875	
different	different	differing-digits	HackerGroup	UAC-0125	UAC-0145	a	edit-similarity	0.875	
different	different	differing-digits	HackerGroup	UAC-0125	UAC-0165	a	edit-similarity	0.875	
different	different	differing-digits	HackerGroup	UAC-0125	UAC-0195	a	edit-similarity	0.875	
different	different	differing-digits	HackerGroup	UAC-0132	UAC-0133	a	edit-similarity	0.875	
different	different	differing-digits	HackerGroup	UAC-0132	UAC-0142	a	edit-similarity	0.875	
different	different	differing-digits	HackerGroup	UAC-0133	UAC-0173	a	edit-similarity	0.875	
different	different	differing-digits	HackerGroup	UAC-0140	UAC-0142	a	edit-similarity	0.875	
different	different	differing-digits	HackerGroup	UAC-0140	UAC-0145	a	edit-similarity	0.875	
different	different	differing-digits	HackerGroup	UAC-0140	UAC-0149	a	edit-similarity	0.875	
different	different	differing-digits	HackerGroup	UAC-0140	UAC-0170	a	edit-similarity	0.875	
different	different	differing-digits	HackerGroup	UAC-0140	UAC-0180	a	edit-similarity	0.875	
different	different	differing-digits	HackerGroup	UAC-0142	UAC-0145	a	edit-similarity	0.875	
different	different	differing-digits	HackerGroup	UAC-0142	UAC-0149	a	edit-similarity	0.875	
different	different	differing-digits	HackerGroup	UAC-0145	UAC-0149	a	edit-similarity	0.875	
different	different	differing-digits	HackerGroup	UAC-0145	UAC-0165	a	edit-similarity	0.875	
different	different	differing-digits	HackerGroup	UAC-0145	UAC-0195	a	edit-similarity	0.875	
different	different	differing-digits	HackerGroup	UAC-0154	UAC-0184	a	edit-similarity	0.875	
different	different	differing-digits	HackerGroup	UAC-0165	UAC-0168	a	edit-similarity	0.875	
different	different	differing-digits	HackerGroup	UAC-0165	UAC-0195	a	edit-similarity	0.875	
different	different	differing-digits	HackerGroup	UAC-0168	UAC-0188	a	edit-similarity	0.875	
different	different	differing-digits	HackerGroup	UAC-0168	UAC-0198	a	edit-similarity	0.875	
different	different	differing-digits	HackerGroup	UAC-0170	UAC-0173	a	edit-similarity	0.875	
different	different	differing-digits	HackerGroup	UAC-0170	UAC-0177	a	edit-similarity	0.875	
different	different	differing-digits	HackerGroup	UAC-0170	UAC-0180	a	edit-similarity	0.875	
different	different	differing-digits	HackerGroup	UAC-0173	UAC-0177	a	edit-similarity	0.875	
different	different	differing-digits	HackerGroup	UAC-0180	UAC-0184	a	edit-similarity	0.875	
different	different	differing-digits	HackerGroup	UAC-0180	UAC-0188	a	edit-similarity	0.875	
different	different	differing-digits	HackerGroup	UAC-0184	UAC-0188	a	edit-similarity	0.875	
different	different	differing-digits	HackerGroup	UAC-0188	UAC-0198	a	edit-similarity	0.875	
different	different	differing-digits	HackerGroup	UAC-0195	UAC-0198	a	edit-similarity	0.875	
different	different	differing-digits	HackerGroup	UAC-0200	UAC-0210	a	edit-similarity	0.875	
different	different	differing-digits	HackerGroup	UAC-0210	UAC-0212	a	edit-similarity	0.875	
different	different	differing-digits	HackerGroup	UAC-0210	UAC-0215	a	edit-similarity	0.875	
different	different	differing-digits	HackerGroup	UAC-0210	UAC-0218	a	edit-similarity	0.875	
different	different	differing-digits	HackerGroup	UAC-0212	UAC-0215	a	edit-similarity	0.875	
different	different	differing-digits	HackerGroup	UAC-0212	UAC-0218	a	edit-similarity	0.875	
different	different	differing-digits	HackerGroup	UAC-0215	UAC-0218	a	edit-similarity	0.875	
different	different	differing-digits	HackerGroup	APT28 (UAC-0028)	UAC-0028	a	identifier	0.8	
different	different	differing-digits	HackerGroup	APT41	APT44	a	edit-similarity	0.8	
different	different	differing-digits	HackerGroup	UAC-0001	UAC-0001 (APT28)	a	identifier	0.8	
same	same	decorated-identifier	HackerGroup	UAC-0010	UAC-0010 (Armageddon)	a	identifier	0.8	
different	different	differing-digits	HackerGroup	UAC-0028	UAC-0028 (APT28)	a	identifier	0.8	
same	same	decorated-identifier	HackerGroup	UAC-0057	UAC-0057 (GhostWriter)	a	identifier	0.8	
different	different	differing-digits	HackerGroup	UAC-0001	UAC-0010	a	edit-similarity	0.75	
different	different	differing-digits	HackerGroup	UAC-0001	UAC-0018	a	edit-similarity	0.75	
different	different	differing-digits	HackerGroup	UAC-0001	UAC-0026	a	edit-similarity	0.75	
different	different	differing-digits	HackerGroup	UAC-0001	UAC-0027	a	edit-similarity	0.75	
different	different	differing-digits	HackerGroup	UAC-0001	UAC-0028	a	edit-similarity	0.75	
different	different	differing-digits	HackerGroup	UAC-0001	UAC-0050	a	edit-similarity	0.75	
different	different	differing-digits	HackerGroup	UAC-0001	UAC-0056	a	edit-similarity	0.75	
different	different	differing-digits	HackerGroup	UAC-0001	UAC-0057	a	edit-similarity	0.75	
different	different	differing-digits	HackerGroup	UAC-0001	UAC-0063	a	edit-similarity	0.75	
different	different	differing-digits	HackerGroup	UAC-0001	UAC-0082	a	edit-similarity	0.75	
different	different	differing-digits	HackerGroup	UAC-0001	UAC-0088	a	edit-similarity	0.75	
different	different	differing-digits	HackerGroup	UAC-0001	UAC-0094	a	edit-similarity	0.75	
different	different	differing-digits	HackerGroup	UAC-0001	UAC-0096	a	edit-similarity	0.75	
different	different	differing-digits	HackerGroup	UAC-0001	UAC-0097	a	edit-similarity	0.75	
different	different	differing-digits	HackerGroup	UAC-0001	UAC-0098	a	edit-similarity	0.75	
different	different	differing-digits	HackerGroup	UAC-0001	UAC-0099	a	edit-similarity	0.75	
different	different	differing-digits	HackerGroup	UAC-0001	UAC-0102	a	edit-similarity	0.75	
different	different	differing-digits	HackerGroup	UAC-0001	UAC-0104	a	edit-similarity	0.75	
different	different	differing-digits	HackerGroup	UAC-0001	UAC-0200	a	edit-similarity	0.75	
different	different	differing-digits	HackerGroup	UAC-0002	UAC-0010	a	edit-similarity	0.75	
different	different	differing-digits	HackerGroup	UAC-0002	UAC-0018	a	edit-similarity	0.75	
different	different	differing-digits	HackerGroup	UAC-0002	UAC-0026	a	edit-similarity	0.75	
different	different	differing-digits	HackerGroup	UAC-0002	UAC-0027	a	edit-similarity	0.75	
different	different	differing-digits	HackerGroup	UAC-0002	UAC-0028	a	edit-similarity	0.75	
different	different	differing-digits	HackerGroup	UAC-0002	UAC-0041	a	edit-similarity	0.75	
different	different	differing-digits	HackerGroup	UAC-0002	UAC-0050	a	edit-similarity	0.75	
different	different	differing-digits	HackerGroup	UAC-0002	UAC-0056	a	edit-similarity	0.75	
different	different	differing-digits	HackerGroup	UAC-0002	UAC-0057	a	edit-similarity	0.75	
different	different	differing-digits	HackerGroup	UAC-0002	UAC-0063	a	edit-similarity	0.75	
different	different	differing-digits	HackerGroup	UAC-0002	UAC-0088	a	edit-similarity	0.75	
different	different	differing-digits	HackerGroup	UAC-0002	UAC-0094	a	edit-similarity	0.75	
different	different	differing-digits	HackerGroup	UAC-0002	UAC-0096	a	edit-similarity	0.75	
different	different	differing-digits	HackerGroup	UAC-0002	UAC-0097	a	edit-similarity	0.75	
different	different	differing-digits	HackerGroup	UAC-0002	UAC-0098	a	edit-similarity	0.75	
different	different	differing-digits	HackerGroup	UAC-0002	UAC-0099	a	edit-similarity	0.75	
different	different	differing-digits	HackerGroup	UAC-0002	UAC-0101	a	edit-similarity	0.75	
different	different	differing-digits	HackerGroup	UAC-0002	UAC-0104	a	edit-similarity	0.75	
different	different	differing-digits	HackerGroup	UAC-0002	UAC-0132	a	edit-similarity	0.75	
different	different	differing-digits	HackerGroup	UAC-0002	UAC-0142	a	edit-similarity	0.75	
different	different	differing-digits	HackerGroup	UAC-0002	UAC-0200	a	edit-similarity	0.75	
different	different	differing-digits	HackerGroup	UAC-0002	UAC-0212	a	edit-similarity	0.75	
different	different	differing-digits	HackerGroup	UAC-0006	UAC-0010	a	edit-similarity	0.75	
different	different	differing-digits	HackerGroup	UAC-0006	UAC-0018	a	edit-similarity	0.75	
different	different	differing-digits	HackerGroup	UAC-0006	UAC-0027	a	edit-similarity	0.75	
different	different	differing-digits	HackerGroup	UAC-0006	UAC-0028	a	edit-similarity	0.75	
different	different	differing-digits	HackerGroup	UAC-0006	UAC-0041	a	edit-similarity	0.75	
different	different	differing-digits	HackerGroup	UAC-0006	UAC-0050	a	edit-similarity	0.75	
different	different	differing-digits	HackerGroup	UAC-0006	UAC-0057	a	edit-similarity	0.75	
different	different	differing-digits	HackerGroup	UAC-0006	UAC-0063	a	edit-similarity	0.75	
different	different	differing-digits	HackerGroup	UAC-0006	UAC-0082	a	edit-similarity	0.75	
different	different	differing-digits	HackerGroup	UAC-0006	UAC-0088	a	edit-similarity	0.75	
different	different	differing-digits	HackerGroup	UAC-0006	UAC-0094	a	edit-similarity	0.75	
different	different	differing-digits	HackerGroup	UAC-0006	UAC-0097	a	edit-similarity	0.75	
different	different	differing-digits	HackerGroup	UAC-0006	UAC-0098	a	edit-similarity	0.75	
different	different	differing-digits	HackerGroup	UAC-0006	UAC-0099	a	edit-similarity	0.75	
different	different	differing-digits	HackerGroup	UAC-0006	UAC-0101	a	edit-similarity	0.75	
different	different	differing-digits	HackerGroup	UAC-0006	UAC-0102	a	edit-similarity	0.75	
different	different	differing-digits	HackerGroup	UAC-0006	UAC-0104	a	edit-similarity	0.75	
different	different	differing-digits	HackerGroup	UAC-0006	UAC-0200	a	edit-similarity	0.75	
different	different	differing-digits	HackerGroup	UAC-0007	UAC-0010	a	edit-similarity	0.75	
different	different	differing-digits	HackerGroup	UAC-0007	UAC-0018	a	edit-similarity	0.75	
different	different	differing-digits	HackerGroup	UAC-0007	UAC-0026	a	edit-similarity	0.75	
different	different	differing-digits	HackerGroup	UAC-0007	UAC-0028	a	edit-similarity	0.75	
different	different	differing-digits	HackerGroup	UAC-0007	UAC-0041	a	edit-similarity	0.75	
different	different	differing-digits	HackerGroup	UAC-0007	UAC-0050	a	edit-similarity	0.75	
different	different	differing-digits	HackerGroup	UAC-0007	UAC-0056	a	edit-similarity	0.75	
different	different	differing-digits	HackerGroup	UAC-0007	UAC-0063	a	edit-similarity	0.75	
different	different	differing-digits	HackerGroup	UAC-0007	UAC-0082	a	edit-similarity	0.75	
different	different	differing-digits	HackerGroup	UAC-0007	UAC-0088	a	edit-similarity	0.75	
different	different	differing-digits	HackerGroup	UAC-0007	UAC-0094	a	edit-similarity	0.75	
different	different	differing-digits	HackerGroup	UAC-0007	UAC-0096	a	edit-similarity	0.75	
different	different	differing-digits	HackerGroup	UAC-0007	UAC-0098	a	edit-similarity	0.75	
different	different	differing-digits	HackerGroup	UAC-0007	UAC-0099	a	edit-similarity	0.75	
different	different	differing-digits	HackerGroup	UAC-0007	UAC-0101	a	edit-similarity	0.75	
different	different	differing-digits	HackerGroup	UAC-0007	UAC-0102	a	edit-similarity	0.75	
different	different	differing-digits	HackerGroup	UAC-0007	UAC-0104	a	edit-similarity	0.75	
different	different	differing-digits	HackerGroup	UAC-0007	UAC-0177	a	edit-similarity	0.75	
different	different	differing-digits	HackerGroup	UAC-0007	UAC-0200	a	edit-similarity	0.75	
different	different	differing-digits	HackerGroup	UAC-0010	UAC-0026	a	edit-similarity	0.75	
different	different	differing-digits	HackerGroup	UAC-0010	UAC-0027	a	edit-similarity	0.75	
different	different	differing-digits	HackerGroup	UAC-0010	UAC-0028	a	edit-similarity	0.75	
different	different	differing-digits	HackerGroup	UAC-0010	UAC-0041	a	edit-similarity	0.75	
different	different	differing-digits	HackerGroup	UAC-0010	UAC-0056	a	edit-similarity	0.75	
different	different	differing-digits	HackerGroup	UAC-0010	UAC-0057	a	edit-similarity	0.75	
different	different	differing-digits	HackerGroup	UAC-0010	UAC-0063	a	edit-similarity	0.75	
different	different	differing-digits	HackerGroup	UAC-0010	UAC-0082	a	edit-similarity	0.75	
different	different	differing-digits	HackerGroup	UAC-0010	UAC-0088	a	edit-similarity	0.75	
different	different	differing-digits	HackerGroup	UAC-0010	UAC-0094	a	edit-similarity	0.75	
different	different	differing-digits	HackerGroup	UAC-0010	UAC-0096	a	edit-similarity	0.75	
different	different	differing-digits	HackerGroup	UAC-0010	UAC-0097	a	edit-similarity	0.75	
different	different	differing-digits	HackerGroup	UAC-0010	UAC-0098	a	edit-similarity	0.75	
different	different	differing-digits	HackerGroup	UAC-0010	UAC-0099	a	edit-similarity	0.75	
different	different	differing-digits	HackerGroup	UAC-0010	UAC-0101	a	edit-similarity	0.75	
different	different	differing-digits	HackerGroup	UAC-0010	UAC-0102	a	edit-similarity	0.75	
different	different	differing-digits	HackerGroup	UAC-0010	UAC-0104	a	edit-similarity	0.75	
different	different	differing-digits	HackerGroup	UAC-0010	UAC-0113	a	edit-similarity	0.75	
different	different	differing-digits	HackerGroup	UAC-0010	UAC-0114	a	edit-similarity	0.75	
different	different	differing-digits	HackerGroup	UAC-0010	UAC-0118	a	edit-similarity	0.75	
different	different	differing-digits	HackerGroup	UAC-0010	UAC-0120	a	edit-similarity	0.75	
different	different	differing-digits	HackerGroup	UAC-0010	UAC-0140	a	edit-similarity	0.75	
different	different	differing-digits	HackerGroup	UAC-0010	UAC-0170	a	edit-similarity	0.75	
different	different	differing-digits	HackerGroup	UAC-0010	UAC-0180	a	edit-similarity	0.75	
different	different	differing-digits	HackerGroup	UAC-0010	UAC-0200	a	edit-similarity	0.75	
different	different	differing-digits	HackerGroup	UAC-0010	UAC-0212	a	edit-similarity	0.75	
different	different	differing-digits	HackerGroup	UAC-0010	UAC-0215	a	edit-similarity	0.75	
different	different	differing-digits	HackerGroup	UAC-0010	UAC-0218	a	edit-similarity	0.75	
different	different	differing-digits	HackerGroup	UAC-0018	UAC-0026	a	edit-similarity	0.75	
different	different	differing-digits	HackerGroup	UAC-0018	UAC-0027	a	edit-similarity	0.75	
different	different	differing-digits	HackerGroup	UAC-0018	UAC-0041	a	edit-similarity	0.75	
different	different	differing-digits	HackerGroup	UAC-0018	UAC-0050	a	edit-similarity	0.75	
different	different	differing-digits	HackerGroup	UAC-0018	UAC-0056	a	edit-similarity	0.75	
different	different	differing-digits	HackerGroup	UAC-0018	UAC-0057	a	edit-similarity	0.75	
different	different	differing-digits	HackerGroup	UAC-0018	UAC-0063	a	edit-similarity	0.75	
different	different	differing-digits	HackerGroup	UAC-0018	UAC-0082	a	edit-similarity	0.75	
different	different	differing-digits	HackerGroup	UAC-0018	UAC-0094	a	edit-similarity	0.75	
different	different	differing-digits	HackerGroup	UAC-0018	UAC-0096	a	edit-similarity	0.75	
different	different	differing-digits	HackerGroup	UAC-0018	UAC-0097	a	edit-similarity	0.75	
different	different	differing-digits	HackerGroup	UAC-0018	UAC-0099	a	edit-similarity	0.75	
different	different	differing-digits	HackerGroup	UAC-0018	UAC-0101	a	edit-similarity	0.75	
different	different	differing-digits	HackerGroup	UAC-0018	UAC-0113	a	edit-similarity	0.75	
different	different	differing-digits	HackerGroup	UAC-0018	UAC-0114	a	edit-similarity	0.75	
different	different	differing-digits	HackerGroup	UAC-0018	UAC-0168	a	edit-similarity	0.75	
different	different	differing-digits	HackerGroup	UAC-0018	UAC-0180	a	edit-similarity	0.75	
different	different	differing-digits	HackerGroup	UAC-0018	UAC-0184	a	edit-similarity	0.75	
different	different	differing-digits	HackerGroup	UAC-0018	UAC-0188	a	edit-similarity	0.75	
different	different	differing-digits	HackerGroup	UAC-0018	UAC-0198	a	edit-similarity	0.75	
different	different	differing-digits	HackerGroup	UAC-0018	UAC-0210	a	edit-similarity	0.75	
different	different	differing-digits	HackerGroup	UAC-0018	UAC-0212	a	edit-similarity	0.75	
different	different	differing-digits	HackerGroup	UAC-0018	UAC-0215	a	edit-similarity	0.75	
different	different	differing-digits	HackerGroup	UAC-0026	UAC-0041	a	edit-similarity	0.75	
different	different	differing-digits	HackerGroup	UAC-0026	UAC-0050	a	edit-similarity	0.75	
different	different	differing-digits	HackerGroup	UAC-0026	UAC-0057	a	edit-similarity	0.75	
different	different	differing-digits	HackerGroup	UAC-0026	UAC-0063	a	edit-similarity	0.75	
different	different	differing-digits	HackerGroup	UAC-0026	UAC-0082	a	edit-similarity	0.75	
different	different	differing-digits	HackerGroup	UAC-0026	UAC-0088	a	edit-similarity	0.75	
different	different	differing-digits	HackerGroup	UAC-0026	UAC-0094	a	edit-similarity	0.75	
different	different	differing-digits	HackerGroup	UAC-0026	UAC-0097	a	edit-similarity	0.75	
different	different	differing-digits	HackerGroup	UAC-0026	UAC-0098	a	edit-similarity	0.75	
different	different	differing-digits	HackerGroup	UAC-0026	UAC-0099	a	edit-similarity	0.75	
different	different	differing-digits	HackerGroup	UAC-0026	UAC-0102	a	edit-similarity	0.75	
different	different	differing-digits	HackerGroup	UAC-0026	UAC-0120	a	edit-similarity	0.75	
different	different	differing-digits	HackerGroup	UAC-0026	UAC-0125	a	edit-similarity	0.75	
different	different	differing-digits	HackerGroup	UAC-0027	UAC-0041	a	edit-similarity	0.75	
different	different	differing-digits	HackerGroup	UAC-0027	UAC-0050	a	edit-similarity	0.75	
different	different	differing-digits	HackerGroup	UAC-0027	UAC-0056	a	edit-similarity	0.75	
different	different	differing-digits	HackerGroup	UAC-0027	UAC-0063	a	edit-similarity	0.75	
different	different	differing-digits	HackerGroup	UAC-0027	UAC-0082	a	edit-similarity	0.75	
different	different	differing-digits	HackerGroup	UAC-0027	UAC-0088	a	edit-similarity	0.75	
different	different	differing-digits	HackerGroup	UAC-0027	UAC-0094	a	edit-similarity	0.75	
different	different	differing-digits	HackerGroup	UAC-0027	UAC-0096	a	edit-similarity	0.75	
different	different	differing-digits	HackerGroup	UAC-0027	UAC-0098	a	edit-similarity	0.75	
different	different	differing-digits	HackerGroup	UAC-0027	UAC-0099	a	edit-similarity	0.75	
different	different	differing-digits	HackerGroup	UAC-0027	UAC-0102	a	edit-similarity	0.75	
different	different	differing-digits	HackerGroup	UAC-0027	UAC-0120	a	edit-similarity	0.75	
different	different	differing-digits	HackerGroup	UAC-0027	UAC-0125	a	edit-similarity	0.75	
different	different	differing-digits	HackerGroup	UAC-0027	UAC-0177	a	edit-similarity	0.75	
different	different	differing-digits	HackerGroup	UAC-0028	UAC-0041	a	edit-similarity	0.75	
different	different	differing-digits	HackerGroup	UAC-0028	UAC-0050	a	edit-similarity	0.75	
different	different	differing-digits	HackerGroup	UAC-0028	UAC-0056	a	edit-similarity	0.75	
different	different	differing-digits	HackerGroup	UAC-0028	UAC-0057	a	edit-similarity	0.75	
different	different	differing-digits	HackerGroup	UAC-0028	UAC-0063	a	edit-similarity	0.75	
different	different	differing-digits	HackerGroup	UAC-0028	UAC-0082	a	edit-similarity	0.75	
different	different	differing-digits	HackerGroup	UAC-0028	UAC-0094	a	edit-similarity	0.75	
different	different	differing-digits	HackerGroup	UAC-0028	UAC-0096	a	edit-similarity	0.75	
different	different	differing-digits	HackerGroup	UAC-0028	UAC-0097	a	edit-similarity	0.75	
different	different	differing-digits	HackerGroup	UAC-0028	UAC-0099	a	edit-similarity	0.75	
different	different	differing-digits	HackerGroup	UAC-0028	UAC-0102	a	edit-similarity	0.75	
different	different	differing-digits	HackerGroup	UAC-0028	UAC-0118	a	edit-similarity	0.75	
different	different	differing-digits	HackerGroup	UAC-0028	UAC-0120	a	edit-similarity	0.75	
different	different	differing-digits	HackerGroup	UAC-0028	UAC-0125	a	edit-similarity	0.75	
different	different	differing-digits	HackerGroup	UAC-0028	UAC-0168	a	edit-similarity	0.75	
different	different	differing-digits	HackerGroup	UAC-0028	UAC-0188	a	edit-similarity	0.75	
different	different	differing-digits	HackerGroup	UAC-0028	UAC-0198	a	edit-similarity	0.75	
different	different	differing-digits	HackerGroup	UAC-0028	UAC-0218	a	edit-similarity	0.75	
different	different	differing-digits	HackerGroup	UAC-0041	UAC-0050	a	edit-similarity	0.75	
different	different	differing-digits	HackerGroup	UAC-0041	UAC-0056	a	edit-similarity	0.75	
different	different	differing-digits	HackerGroup	UAC-0041	UAC-0057	a	edit-similarity	0.75	
different	different	differing-digits	HackerGroup	UAC-0041	UAC-0063	a	edit-similarity	0.75	
different	different	differing-digits	HackerGroup	UAC-0041	UAC-0082	a	edit-similarity	0.75	
different	different	differing-digits	HackerGroup	UAC-0041	UAC-0088	a	edit-similarity	0.75	
different	different	differing-digits	HackerGroup	UAC-0041	UAC-0094	a	edit-similarity	0.75	
different	different	differing-digits	HackerGroup	UAC-0041	UAC-0096	a	edit-similarity	0.75	
different	different	differing-digits	HackerGroup	UAC-0041	UAC-0097	a	edit-similarity	0.75	
different	different	differing-digits	HackerGroup	UAC-0041	UAC-0098	a	edit-similarity	0.75	
different	different	differing-digits	HackerGroup	UAC-0041	UAC-0099	a	edit-similarity	0.75	
different	different	differing-digits	HackerGroup	UAC-0041	UAC-0101	a	edit-similarity	0.75	
different	different	differing-digits	HackerGroup	UAC-0041	UAC-0104	a	edit-similarity	0.75	
different	different	differing-digits	HackerGroup	UAC-0041	UAC-0140	a	edit-similarity	0.75	
different	different	differing-digits	HackerGroup	UAC-0041	UAC-0142	a	edit-similarity	0.75	
different	different	differing-digits	HackerGroup	UAC-0041	UAC-0145	a	edit-similarity	0.75	
different	different	differing-digits	HackerGroup	UAC-0041	UAC-0149	a	edit-similarity	0.75	
different	different	differing-digits	HackerGroup	UAC-0050	UAC-0063	a	edit-similarity	0.75	
different	different	differing-digits	HackerGroup	UAC-0050	UAC-0082	a	edit-similarity	0.75	
different	different	differing-digits	HackerGroup	UAC-0050	UAC-0088	a	edit-similarity	0.75	
different	different	differing-digits	HackerGroup	UAC-0050	UAC-0094	a	edit-similarity	0.75	
different	different	differing-digits	HackerGroup	UAC-0050	UAC-0096	a	edit-similarity	0.75	
different	different	differing-digits	HackerGroup	UAC-0050	UAC-0097	a	edit-similarity	0.75	
different	different	differing-digits	HackerGroup	UAC-0050	UAC-0098	a	edit-similarity	0.75	
different	different	differing-digits	HackerGroup	UAC-0050	UAC-0099	a	edit-similarity	0.75	
different	different	differing-digits	HackerGroup	UAC-0050	UAC-0120	a	edit-similarity	0.75	
different	different	differing-digits	HackerGroup	UAC-0050	UAC-0140	a	edit-similarity	0.75	
different	different	differing-digits	HackerGroup	UAC-0050	UAC-0154	a	edit-similarity	0.75	
different	different	differing-digits	HackerGroup	UAC-0050	UAC-0170	a	edit-similarity	0.75	
different	different	differing-digits	HackerGroup	UAC-0050	UAC-0180	a	edit-similarity	0.75	
different	different	differing-digits	HackerGroup	UAC-0050	UAC-0200	a	edit-similarity	0.75	
different	different	differing-digits	HackerGroup	UAC-0050	UAC-0210	a	edit-similarity	0.75	
different	different	differing-digits	HackerGroup	UAC-0056	UAC-0063	a	edit-similarity	0.75	
different	different	differing-digits	HackerGroup	UAC-0056	UAC-0082	a	edit-similarity	0.75	
different	different	differing-digits	HackerGroup	UAC-0056	UAC-0088	a	edit-similarity	0.75	
different	different	differing-digits	HackerGroup	UAC-0056	UAC-0094	a	edit-similarity	0.75	
different	different	differing-digits	HackerGroup	UAC-0056	UAC-0097	a	edit-similarity	0.75	
different	different	differing-digits	HackerGroup	UAC-0056	UAC-0098	a	edit-similarity	0.75	
different	different	differing-digits	HackerGroup	UAC-0056	UAC-0099	a	edit-similarity	0.75	
different	different	differing-digits	HackerGroup	UAC-0056	UAC-0154	a	edit-similarity	0.75	
different	different	differing-digits	HackerGroup	UAC-0057	UAC-0063	a	edit-similarity	0.75	
different	different	differing-digits	HackerGroup	UAC-0057	UAC-0082	a	edit-similarity	0.75	
different	different	differing-digits	HackerGroup	UAC-0057	UAC-0088	a	edit-similarity	0.75	
different	different	differing-digits	HackerGroup	UAC-0057	UAC-0094	a	edit-similarity	0.75	
different	different	differing-digits	HackerGroup	UAC-0057	UAC-0096	a	edit-similarity	0.75	
different	different	differing-digits	HackerGroup	UAC-0057	UAC-0098	a	edit-similarity	0.75	
different	different	differing-digits	HackerGroup	UAC-0057	UAC-0099	a	edit-similarity	0.75	
different	different	differing-digits	HackerGroup	UAC-0057	UAC-0154	a	edit-similarity	0.75	
different	different	differing-digits	HackerGroup	UAC-0057	UAC-0177	a	edit-similarity	0.75	
different	different	differing-digits	HackerGroup	UAC-0063	UAC-0082	a	edit-similarity	0.75	
different	different	differing-digits	HackerGroup	UAC-0063	UAC-0088	a	edit-similarity	0.75	
different	different	differing-digits	HackerGroup	UAC-0063	UAC-0094	a	edit-similarity	0.75	
different	different	differing-digits	HackerGroup	UAC-0063	UAC-0096	a	edit-similarity	0.75	
different	different	differing-digits	HackerGroup	UAC-0063	UAC-0097	a	edit-similarity	0.75	
different	different	differing-digits	HackerGroup	UAC-0063	UAC-0098	a	edit-similarity	0.75	
different	different	differing-digits	HackerGroup	UAC-0063	UAC-0099	a	edit-similarity	0.75	
different	different	differing-digits	HackerGroup	UAC-0063	UAC-0113	a	edit-similarity	0.75	
different	different	differing-digits	HackerGroup	UAC-0063	UAC-0133	a	edit-similarity	0.75	
different	different	differing-digits	HackerGroup	UAC-0063	UAC-0165	a	edit-similarity	0.75	
different	different	differing-digits	HackerGroup	UAC-0063	UAC-0168	a	edit-similarity	0.75	
different	different	differing-digits	HackerGroup	UAC-0063	UAC-0173	a	edit-similarity	0.75	
different	different	differing-digits	HackerGroup	UAC-0082	UAC-0094	a	edit-similarity	0.75	
different	different	differing-digits	HackerGroup	UAC-0082	UAC-0096	a	edit-similarity	0.75	
different	different	differing-digits	HackerGroup	UAC-0082	UAC-0097	a	edit-similarity	0.75	
different	different	differing-digits	HackerGroup	UAC-0082	UAC-0098	a	edit-similarity	0.75	
different	different	differing-digits	HackerGroup	UAC-0082	UAC-0099	a	edit-similarity	0.75	
different	different	differing-digits	HackerGroup	UAC-0082	UAC-0102	a	edit-similarity	0.75	
different	different	differing-digits	HackerGroup	UAC-0082	UAC-0132	a	edit-similarity	0.75	
different	different	differing-digits	HackerGroup	UAC-0082	UAC-0142	a	edit-similarity	0.75	
different	different	differing-digits	HackerGroup	UAC-0082	UAC-0180	a	edit-similarity	0.75	
different	different	differing-digits	HackerGroup	UAC-0082	UAC-0184	a	edit-similarity	0.75	
different	different	differing-digits	HackerGroup	UAC-0082	UAC-0188	a	edit-similarity	0.75	
different	different	differing-digits	HackerGroup	UAC-0082	UAC-0212	a	edit-similarity	0.75	
different	different	differing-digits	HackerGroup	UAC-0088	UAC-0094	a	edit-similarity	0.75	
different	different	differing-digits	HackerGroup	UAC-0088	UAC-0096	a	edit-similarity	0.75	
different	different	differing-digits	HackerGroup	UAC-0088	UAC-0097	a	edit-similarity	0.75	
different	different	differing-digits	HackerGroup	UAC-0088	UAC-0099	a	edit-similarity	0.75	
different	different	differing-digits	HackerGroup	UAC-0088	UAC-0118	a	edit-similarity	0.75	
different	different	differing-digits	HackerGroup	UAC-0088	UAC-0168	a	edit-similarity	0.75	
different	different	differing-digits	HackerGroup	UAC-0088	UAC-0180	a	edit-similarity	0.75	
different	different	differing-digits	HackerGroup	UAC-0088	UAC-0184	a	edit-similarity	0.75	
different	different	differing-digits	HackerGroup	UAC-0088	UAC-0198	a	edit-similarity	0.75	
different	different	differing-digits	HackerGroup	UAC-0088	UAC-0218	a	edit-similarity	0.75	
different	different	differing-digits	HackerGroup	UAC-0094	UAC-0104	a	edit-similarity	0.75	
different	different	differing-digits	HackerGroup	UAC-0094	UAC-0114	a	edit-similarity	0.75	
different	different	differing-digits	HackerGroup	UAC-0094	UAC-0154	a	edit-similarity	0.75	
different	different	differing-digits	HackerGroup	UAC-0094	UAC-0184	a	edit-similarity	0.75	
different	different	differing-digits	HackerGroup	UAC-0094	UAC-0195	a	edit-similarity	0.75	
different	different	differing-digits	HackerGroup	UAC-0094	UAC-0198	a	edit-similarity	0.75	
different	different	differing-digits	HackerGroup	UAC-0096	UAC-0195	a	edit-similarity	0.75	
different	different	differing-digits	HackerGroup	UAC-0096	UAC-0198	a	edit-similarity	0.75	
different	different	differing-digits	HackerGroup	UAC-0097	UAC-0177	a	edit-similarity	0.75	
different	different	differing-digits	HackerGroup	UAC-0097	UAC-0195	a	edit-similarity	0.75	
different	different	differing-digits	HackerGroup	UAC-0097	UAC-0198	a	edit-similarity	0.75	
different	different	differing-digits	HackerGroup	UAC-0098	UAC-0118	a	edit-similarity	0.75	
different	different	differing-digits	HackerGroup	UAC-0098	UAC-0168	a	edit-similarity	0.75	
different	different	differing-digits	HackerGroup	UAC-0098	UAC-0188	a	edit-similarity	0.75	
different	different	differing-digits	HackerGroup	UAC-0098	UAC-0195	a	edit-similarity	0.75	
different	different	differing-digits	HackerGroup	UAC-0098	UAC-0218	a	edit-similarity	0.75	
different	different	differing-digits	HackerGroup	UAC-0099	UAC-0149	a	edit-similarity	0.75	
different	different	differing-digits	HackerGroup	UAC-0099	UAC-0195	a	edit-similarity	0.75	
different	different	differing-digits	HackerGroup	UAC-0099	UAC-0198	a	edit-similarity	0.75	
different	different	differing-digits	HackerGroup	UAC-0101	UAC-0113	a	edit-similarity	0.75	
different	different	differing-digits	HackerGroup	UAC-0101	UAC-0114	a	edit-similarity	0.75	
different	different	differing-digits	HackerGroup	UAC-0101	UAC-0118	a	edit-similarity	0.75	
different	different	differing-digits	HackerGroup	UAC-0101	UAC-0120	a	edit-similarity	0.75	
different	different	differing-digits	HackerGroup	UAC-0101	UAC-0125	a	edit-similarity	0.75	
different	different	differing-digits	HackerGroup	UAC-0101	UAC-0132	a	edit-similarity	0.75	
different	different	differing-digits	HackerGroup	UAC-0101	UAC-0133	a	edit-similarity	0.75	
different	different	differing-digits	HackerGroup	UAC-0101	UAC-0140	a	edit-similarity	0.75	
different	different	differing-digits	HackerGroup	UAC-0101	UAC-0142	a	edit-similarity	0.75	
different	different	differing-digits	HackerGroup	UAC-0101	UAC-0145	a	edit-similarity	0.75	
different	different	differing-digits	HackerGroup	UAC-0101	UAC-0149	a	edit-similarity	0.75	
different	different	differing-digits	HackerGroup	UAC-0101	UAC-0154	a	edit-similarity	0.75	
different	different	differing-digits	HackerGroup	UAC-0101	UAC-0165	a	edit-similarity	0.75	
different	different	differing-digits	HackerGroup	UAC-0101	UAC-0168	a	edit-similarity	0.75	
different	different	differing-digits	HackerGroup	UAC-0101	UAC-0170	a	edit-similarity	0.75	
different	different	differing-digits	HackerGroup	UAC-0101	UAC-0173	a	edit-similarity	0.75	
different	different	differing-digits	HackerGroup	UAC-0101	UAC-0177	a	edit-similarity	0.75	
different	different	differing-digits	HackerGroup	UAC-0101	UAC-0180	a	edit-similarity	0.75	
different	different	differing-digits	HackerGroup	UAC-0101	UAC-0184	a	edit-similarity	0.75	
different	different	differing-digits	HackerGroup	UAC-0101	UAC-0188	a	edit-similarity	0.75	
different	different	differing-digits	HackerGroup	UAC-0101	UAC-0195	a	edit-similarity	0.75	
different	different	differing-digits	HackerGroup	UAC-0101	UAC-0198	a	edit-similarity	0.75	
different	different	differing-digits	HackerGroup	UAC-0101	UAC-0200	a	edit-similarity	0.75	
different	different	differing-digits	HackerGroup	UAC-0101	UAC-0210	a	edit-similarity	0.75	
different	different	differing-digits	HackerGroup	UAC-0102	UAC-0113	a	edit-similarity	0.75	
different	different	differing-digits	HackerGroup	UAC-0102	UAC-0114	a	edit-similarity	0.75	
different	different	differing-digits	HackerGroup	UAC-0102	UAC-0118	a	edit-similarity	0.75	
different	different	differing-digits	HackerGroup	UAC-0102	UAC-0120	a	edit-similarity	0.75	
different	different	differing-digits	HackerGroup	UAC-0102	UAC-0125	a	edit-similarity	0.75	
different	different	differing-digits	HackerGroup	UAC-0102	UAC-0133	a	edit-similarity	0.75	
different	different	differing-digits	HackerGroup	UAC-0102	UAC-0140	a	edit-similarity	0.75	
different	different	differing-digits	HackerGroup	UAC-0102	UAC-0145	a	edit-similarity	0.75	
different	different	differing-digits	HackerGroup	UAC-0102	UAC-0149	a	edit-similarity	0.75	
different	different	differing-digits	HackerGroup	UAC-0102	UAC-0154	a	edit-similarity	0.75	
different	different	differing-digits	HackerGroup	UAC-0102	UAC-0165	a	edit-similarity	0.75	
different	different	differing-digits	HackerGroup	UAC-0102	UAC-0168	a	edit-similarity	0.75	
different	different	differing-digits	HackerGroup	UAC-0102	UAC-0170	a	edit-similarity	0.75	
different	different	differing-digits	HackerGroup	UAC-0102	UAC-0173	a	edit-similarity	0.75	
different	different	differing-digits	HackerGroup	UAC-0102	UAC-0177	a	edit-similarity	0.75	
different	different	differing-digits	HackerGroup	UAC-0102	UAC-0180	a	edit-similarity	0.75	
different	different	differing-digits	HackerGroup	UAC-0102	UAC-0184	a	edit-similarity	0.75	
different	different	differing-digits	HackerGroup	UAC-0102	UAC-0188	a	edit-similarity	0.75	
different	different	differing-digits	HackerGroup	UAC-0102	UAC-0195	a	edit-similarity	0.75	
different	different	differing-digits	HackerGroup	UAC-0102	UAC-0198	a	edit-similarity	0.75	
different	different	differing-digits	HackerGroup	UAC-0102	UAC-0200	a	edit-similarity	0.75	
different	different	differing-digits	HackerGroup	UAC-0102	UAC-0210	a	edit-similarity	0.75	
different	different	differing-digits	HackerGroup	UAC-0102	UAC-0212	a	edit-similarity	0.75	
different	different	differing-digits	HackerGroup	UAC-0104	UAC-0113	a	edit-similarity	0.75	
different	different	differing-digits	HackerGroup	UAC-0104	UAC-0118	a	edit-similarity	0.75	
different	different	differing-digits	HackerGroup	UAC-0104	UAC-0120	a	edit-similarity	0.75	
different	different	differing-digits	HackerGroup	UAC-0104	UAC-0125	a	edit-similarity	0.75	
different	different	differing-digits	HackerGroup	UAC-0104	UAC-0132	a	edit-similarity	0.75	
different	different	differing-digits	HackerGroup	UAC-0104	UAC-0133	a	edit-similarity	0.75	
different	different	differing-digits	HackerGroup	UAC-0104	UAC-0140	a	edit-similarity	0.75	
different	different	differing-digits	HackerGroup	UAC-0104	UAC-0142	a	edit-similarity	0.75	
different	different	differing-digits	HackerGroup	UAC-0104	UAC-0145	a	edit-similarity	0.75	
different	different	differing-digits	HackerGroup	UAC-0104	UAC-0149	a	edit-similarity	0.75	
different	different	differing-digits	HackerGroup	UAC-0104	UAC-0165	a	edit-similarity	0.75	
different	different	differing-digits	HackerGroup	UAC-0104	UAC-0168	a	edit-similarity	0.75	
different	different	differing-digits	HackerGroup	UAC-0104	UAC-0170	a	edit-similarity	0.75	
different	different	differing-digits	HackerGroup	UAC-0104	UAC-0173	a	edit-similarity	0.75	
different	different	differing-digits	HackerGroup	UAC-0104	UAC-0177	a	edit-similarity	0.75	
different	different	differing-digits	HackerGroup	UAC-0104	UAC-0180	a	edit-similarity	0.75	
different	different	differing-digits	HackerGroup	UAC-0104	UAC-0188	a	edit-similarity	0.75	
different	different	differing-digits	HackerGroup	UAC-0104	UAC-0195	a	edit-similarity	0.75	
different	different	differing-digits	HackerGroup	UAC-0104	UAC-0198	a	edit-similarity	0.75	
different	different	differing-digits	HackerGroup	UAC-0104	UAC-0200	a	edit-similarity	0.75	
different	different	differing-digits	HackerGroup	UAC-0104	UAC-0210	a	edit-similarity	0.75	
different	different	differing-digits	HackerGroup	UAC-0113	UAC-0120	a	edit-similarity	0.75	
different	different	differing-digits	HackerGroup	UAC-0113	UAC-0125	a	edit-similarity	0.75	
different	different	differing-digits	HackerGroup	UAC-0113	UAC-0132	a	edit-similarity	0.75	
different	different	differing-digits	HackerGroup	UAC-0113	UAC-0140	a	edit-similarity	0.75	
different	different	differing-digits	HackerGroup	UAC-0113	UAC-0142	a	edit-similarity	0.75	
different	different	differing-digits	HackerGroup	UAC-0113	UAC-0145	a	edit-similarity	0.75	
different	different	differing-digits	HackerGroup	UAC-0113	UAC-0149	a	edit-similarity	0.75	
different	different	differing-digits	HackerGroup	UAC-0113	UAC-0154	a	edit-similarity	0.75	
different	different	differing-digits	HackerGroup	UAC-0113	UAC-0165	a	edit-similarity	0.75	
different	different	differing-digits	HackerGroup	UAC-0113	UAC-0168	a	edit-similarity	0.75	
different	different	differing-digits	HackerGroup	UAC-0113	UAC-0170	a	edit-similarity	0.75	
different	different	differing-digits	HackerGroup	UAC-0113	UAC-0177	a	edit-similarity	0.75	
different	different	differing-digits	HackerGroup	UAC-0113	UAC-0180	a	edit-similarity	0.75	
different	different	differing-digits	HackerGroup	UAC-0113	UAC-0184	a	edit-similarity	0.75	
different	different	differing-digits	HackerGroup	UAC-0113	UAC-0188	a	edit-similarity	0.75	
different	different	differing-digits	HackerGroup	UAC-0113	UAC-0195	a	edit-similarity	0.75	
different	different	differing-digits	HackerGroup	UAC-0113	UAC-0198	a	edit-similarity	0.75	
different	different	differing-digits	HackerGroup	UAC-0113	UAC-0210	a	edit-similarity	0.75	
different	different	differing-digits	HackerGroup	UAC-0113	UAC-0212	a	edit-similarity	0.75	
different	different	differing-digits	HackerGroup	UAC-0113	UAC-0215	a	edit-similarity	0.75	
different	different	differing-digits	HackerGroup	UAC-0113	UAC-0218	a	edit-similarity	0.75	
different	different	differing-digits	HackerGroup	UAC-0114	UAC-0120	a	edit-similarity	0.75	
different	different	differing-digits	HackerGroup	UAC-0114	UAC-0125	a	edit-similarity	0.75	
different	different	differing-digits	HackerGroup	UAC-0114	UAC-0132	a	edit-similarity	0.75	
different	different	differing-digits	HackerGroup	UAC-0114	UAC-0133	a	edit-similarity	0.75	
different	different	differing-digits	HackerGroup	UAC-0114	UAC-0140	a	edit-similarity	0.75	
different	different	differing-digits	HackerGroup	UAC-0114	UAC-0142	a	edit-similarity	0.75	
different	different	differing-digits	HackerGroup	UAC-0114	UAC-0145	a	edit-similarity	0.75	
different	different	differing-digits	HackerGroup	UAC-0114	UAC-0149	a	edit-similarity	0.75	
different	different	differing-digits	HackerGroup	UAC-0114	UAC-0165	a	edit-similarity	0.75	
different	different	differing-digits	HackerGroup	UAC-0114	UAC-0168	a	edit-similarity	0.75	
different	different	differing-digits	HackerGroup	UAC-0114	UAC-0170	a	edit-similarity	0.75	
different	different	differing-digits	HackerGroup	UAC-0114	UAC-0173	a	edit-similarity	0.75	
different	different	differing-digits	HackerGroup	UAC-0114	UAC-0177	a	edit-similarity	0.75	
different	different	differing-digits	HackerGroup	UAC-0114	UAC-0180	a	edit-similarity	0.75	
different	different	differing-digits	HackerGroup	UAC-0114	UAC-0188	a	edit-similarity	0.75	
different	different	differing-digits	HackerGroup	UAC-0114	UAC-0195	a	edit-similarity	0.75	
different	different	differing-digits	HackerGroup	UAC-0114	UAC-0198	a	edit-similarity	0.75	
different	different	differing-digits	HackerGroup	UAC-0114	UAC-0210	a	edit-similarity	0.75	
different	different	differing-digits	HackerGroup	UAC-0114	UAC-0212	a	edit-similarity	0.75	
different	different	differing-digits	HackerGroup	UAC-0114	UAC-0215	a	edit-similarity	0.75	
different	different	differing-digits	HackerGroup	UAC-0114	UAC-0218	a	edit-similarity	0.75	
different	different	differing-digits	HackerGroup	UAC-0118	UAC-0120	a	edit-similarity	0.75	
different	different	differing-digits	HackerGroup	UAC-0118	UAC-0125	a	edit-similarity	0.75	
different	different	differing-digits	HackerGroup	UAC-0118	UAC-0132	a	edit-similarity	0.75	
different	different	differing-digits	HackerGroup	UAC-0118	UAC-0133	a	edit-similarity	0.75	
different	different	differing-digits	HackerGroup	UAC-0118	UAC-0140	a	edit-similarity	0.75	
different	different	differing-digits	HackerGroup	UAC-0118	UAC-0142	a	edit-similarity	0.75	
different	different	differing-digits	HackerGroup	UAC-0118	UAC-0145	a	edit-similarity	0.75	
different	different	differing-digits	HackerGroup	UAC-0118	UAC-0149	a	edit-similarity	0.75	
different	different	differing-digits	HackerGroup	UAC-0118	UAC-0154	a	edit-similarity	0.75	
different	different	differing-digits	HackerGroup	UAC-0118	UAC-0165	a	edit-similarity	0.75	
different	different	differing-digits	HackerGroup	UAC-0118	UAC-0170	a	edit-similarity	0.75	
different	different	differing-digits	HackerGroup	UAC-0118	UAC-0173	a	edit-similarity	0.75	
different	different	differing-digits	HackerGroup	UAC-0118	UAC-0177	a	edit-similarity	0.75	
different	different	differing-digits	HackerGroup	UAC-0118	UAC-0180	a	edit-similarity	0.75	
different	different	differing-digits	HackerGroup	UAC-0118	UAC-0184	a	edit-similarity	0.75	
different	different	differing-digits	HackerGroup	UAC-0118	UAC-0195	a	edit-similarity	0.75	
different	different	differing-digits	HackerGroup	UAC-0118	UAC-0210	a	edit-similarity	0.75	
different	different	differing-digits	HackerGroup	UAC-0118	UAC-0212	a	edit-similarity	0.75	
different	different	differing-digits	HackerGroup	UAC-0118	UAC-0215	a	edit-similarity	0.75	
different	different	differing-digits	HackerGroup	UAC-0120	UAC-0132	a	edit-similarity	0.75	
different	different	differing-digits	HackerGroup	UAC-0120	UAC-0133	a	edit-similarity	0.75	
different	different	differing-digits	HackerGroup	UAC-0120	UAC-0142	a	edit-similarity	0.75	
different	different	differing-digits	HackerGroup	UAC-0120	UAC-0145	a	edit-similarity	0.75	
different	different	differing-digits	HackerGroup	UAC-0120	UAC-0149	a	edit-similarity	0.75	
different	different	differing-digits	HackerGroup	UAC-0120	UAC-0154	a	edit-similarity	0.75	
different	different	differing-digits	HackerGroup	UAC-0120	UAC-0165	a	edit-similarity	0.75	
different	different	differing-digits	HackerGroup	UAC-0120	UAC-0168	a	edit-similarity	0.75	
different	different	differing-digits	HackerGroup	UAC-0120	UAC-0173	a	edit-similarity	0.75	
different	different	differing-digits	HackerGroup	UAC-0120	UAC-0177	a	edit-similarity	0.75	
different	different	differing-digits	HackerGroup	UAC-0120	UAC-0184	a	edit-similarity	0.75	
different	different	differing-digits	HackerGroup	UAC-0120	UAC-0188	a	edit-similarity	0.75	
different	different	differing-digits	HackerGroup	UAC-0120	UAC-0195	a	edit-similarity	0.75	
different	different	differing-digits	HackerGroup	UAC-0120	UAC-0198	a	edit-similarity	0.75	
different	different	differing-digits	HackerGroup	UAC-0120	UAC-0200	a	edit-similarity	0.75	
different	different	differing-digits	HackerGroup	UAC-0120	UAC-0210	a	edit-similarity	0.75	
different	different	differing-digits	HackerGroup	UAC-0120	UAC-0212	a	edit-similarity	0.75	
different	different	differing-digits	HackerGroup	UAC-0125	UAC-0132	a	edit-similarity	0.75	
different	different	differing-digits	HackerGroup	UAC-0125	UAC-0133	a	edit-similarity	0.75	
different	different	differing-digits	HackerGroup	UAC-0125	UAC-0140	a	edit-similarity	0.75	
different	different	differing-digits	HackerGroup	UAC-0125	UAC-0142	a	edit-similarity	0.75	
different	different	differing-digits	HackerGroup	UAC-0125	UAC-0149	a	edit-similarity	0.75	
different	different	differing-digits	HackerGroup	UAC-0125	UAC-0154	a	edit-similarity	0.75	
different	different	differing-digits	HackerGroup	UAC-0125	UAC-0168	a	edit-similarity	0.75	
different	different	differing-digits	HackerGroup	UAC-0125	UAC-0170	a	edit-similarity	0.75	
different	different	differing-digits	HackerGroup	UAC-0125	UAC-0173	a	edit-similarity	0.75	
different	different	differing-digits	HackerGroup	UAC-0125	UAC-0177	a	edit-similarity	0.75	
different	different	differing-digits	HackerGroup	UAC-0125	UAC-0180	a	edit-similarity	0.75	
different	different	differing-digits	HackerGroup	UAC-0125	UAC-0184	a	edit-similarity	0.75	
different	different	differing-digits	HackerGroup	UAC-0125	UAC-0188	a	edit-similarity	0.75	
different	different	differing-digits	HackerGroup	UAC-0125	UAC-0198	a	edit-similarity	0.75	
different	different	differing-digits	HackerGroup	UAC-0125	UAC-0212	a	edit-similarity	0.75	
different	different	differing-digits	HackerGroup	UAC-0125	UAC-0215	a	edit-similarity	0.75	
different	different	differing-digits	HackerGroup	UAC-0132	UAC-0140	a	edit-similarity	0.75	
different	different	differing-digits	HackerGroup	UAC-0132	UAC-0145	a	edit-similarity	0.75	
different	different	differing-digits	HackerGroup	UAC-0132	UAC-0149	a	edit-similarity	0.75	
different	different	differing-digits	HackerGroup	UAC-0132	UAC-0154	a	edit-similarity	0.75	
different	different	differing-digits	HackerGroup	UAC-0132	UAC-0165	a	edit-similarity	0.75	
different	different	differing-digits	HackerGroup	UAC-0132	UAC-0168	a	edit-similarity	0.75	
different	different	differing-digits	HackerGroup	UAC-0132	UAC-0170	a	edit-similarity	0.75	
different	different	differing-digits	HackerGroup	UAC-0132	UAC-0173	a	edit-similarity	0.75	
different	different	differing-digits	HackerGroup	UAC-0132	UAC-0177	a	edit-similarity	0.75	
different	different	differing-digits	HackerGroup	UAC-0132	UAC-0180	a	edit-similarity	0.75	
different	different	differing-digits	HackerGroup	UAC-0132	UAC-0184	a	edit-similarity	0.75	
different	different	differing-digits	HackerGroup	UAC-0132	UAC-0188	a	edit-similarity	0.75	
different	different	differing-digits	HackerGroup	UAC-0132	UAC-0195	a	edit-similarity	0.75	
different	different	differing-digits	HackerGroup	UAC-0132	UAC-0198	a	edit-similarity	0.75	
different	different	differing-digits	HackerGroup	UAC-0132	UAC-0212	a	edit-similarity	0.75	
different	different	differing-digits	HackerGroup	UAC-0133	UAC-0140	a	edit-similarity	0.75	
different	different	differing-digits	HackerGroup	UAC-0133	UAC-0142	a	edit-similarity	0.75	
different	different	differing-digits	HackerGroup	UAC-0133	UAC-0145	a	edit-similarity	0.75	
different	different	differing-digits	HackerGroup	UAC-0133	UAC-0149	a	edit-similarity	0.75	
different	different	differing-digits	HackerGroup	UAC-0133	UAC-0154	a	edit-similarity	0.75	
different	different	differing-digits	HackerGroup	UAC-0133	UAC-0165	a	edit-similarity	0.75	
different	different	differing-digits	HackerGroup	UAC-0133	UAC-0168	a	edit-similarity	0.75	
different	different	differing-digits	HackerGroup	UAC-0133	UAC-0170	a	edit-similarity	0.75	
different	different	differing-digits	HackerGroup	UAC-0133	UAC-0177	a	edit-similarity	0.75	
different	different	differing-digits	HackerGroup	UAC-0133	UAC-0180	a	edit-similarity	0.75	
different	different	differing-digits	HackerGroup	UAC-0133	UAC-0184	a	edit-similarity	0.75	
different	different	differing-digits	HackerGroup	UAC-0133	UAC-0188	a	edit-similarity	0.75	
different	different	differing-digits	HackerGroup	UAC-0133	UAC-0195	a	edit-similarity	0.75	
different	different	differing-digits	HackerGroup	UAC-0133	UAC-0198	a	edit-similarity	0.75	
different	different	differing-digits	HackerGroup	UAC-0140	UAC-0154	a	edit-similarity	0.75	
different	different	differing-digits	HackerGroup	UAC-0140	UAC-0165	a	edit-similarity	0.75	
different	different	differing-digits	HackerGroup	UAC-0140	UAC-0168	a	edit-similarity	0.75	
different	different	differing-digits	HackerGroup	UAC-0140	UAC-0173	a	edit-similarity	0.75	
different	different	differing-digits	HackerGroup	UAC-0140	UAC-0177	a	edit-similarity	0.75	
different	different	differing-digits	HackerGroup	UAC-0140	UAC-0184	a	edit-similarity	0.75	
different	different	differing-digits	HackerGroup	UAC-0140	UAC-0188	a	edit-similarity	0.75	
different	different	differing-digits	HackerGroup	UAC-0140	UAC-0195	a	edit-similarity	0.75	
different	different	differing-digits	HackerGroup	UAC-0140	UAC-0198	a	edit-similarity	0.75	
different	different	differing-digits	HackerGroup	UAC-0140	UAC-0200	a	edit-similarity	0.75	
different	different	differing-digits	HackerGroup	UAC-0140	UAC-0210	a	edit-similarity	0.75	
different	different	differing-digits	HackerGroup	UAC-0142	UAC-0154	a	edit-similarity	0.75	
different	different	differing-digits	HackerGroup	UAC-0142	UAC-0165	a	edit-similarity	0.75	
different	different	differing-digits	HackerGroup	UAC-0142	UAC-0168	a	edit-similarity	0.75	
different	different	differing-digits	HackerGroup	UAC-0142	UAC-0170	a	edit-similarity	0.75	
different	different	differing-digits	HackerGroup	UAC-0142	UAC-0173	a	edit-similarity	0.75	
different	different	differing-digits	HackerGroup	UAC-0142	UAC-0177	a	edit-similarity	0.75	
different	different	differing-digits	HackerGroup	UAC-0142	UAC-0180	a	edit-similarity	0.75	
different	different	differing-digits	HackerGroup	UAC-0142	UAC-0184	a	edit-similarity	0.75	
different	different	differing-digits	HackerGroup	UAC-0142	UAC-0188	a	edit-similarity	0.75	
different	different	differing-digits	HackerGroup	UAC-0142	UAC-0195	a	edit-similarity	0.75	
different	different	differing-digits	HackerGroup	UAC-0142	UAC-0198	a	edit-similarity	0.75	
different	different	differing-digits	HackerGroup	UAC-0142	UAC-0212	a	edit-similarity	0.75	
different	different	differing-digits	HackerGroup	UAC-0145	UAC-0154	a	edit-similarity	0.75	
different	different	differing-digits	HackerGroup	UAC-0145	UAC-0168	a	edit-similarity	0.75	
different	different	differing-digits	HackerGroup	UAC-0145	UAC-0170	a	edit-similarity	0.75	
different	different	differing-digits	HackerGroup	UAC-0145	UAC-0173	a	edit-similarity	0.75	
different	different	differing-digits	HackerGroup	UAC-0145	UAC-0177	a	edit-similarity	0.75	
different	different	differing-digits	HackerGroup	UAC-0145	UAC-0180	a	edit-similarity	0.75	
different	different	differing-digits	HackerGroup	UAC-0145	UAC-0184	a	edit-similarity	0.75	
different	different	differing-digits	HackerGroup	UAC-0145	UAC-0188	a	edit-similarity	0.75	
different	different	differing-digits	HackerGroup	UAC-0145	UAC-0198	a	edit-similarity	0.75	
different	different	differing-digits	HackerGroup	UAC-0145	UAC-0215	a	edit-similarity	0.75	
different	different	differing-digits	HackerGroup	UAC-0149	UAC-0154	a	edit-similarity	0.75	
different	different	differing-digits	HackerGroup	UAC-0149	UAC-0165	a	edit-similarity	0.75	
different	different	differing-digits	HackerGroup	UAC-0149	UAC-0168	a	edit-similarity	0.75	
different	different	differing-digits	HackerGroup	UAC-0149	UAC-0170	a	edit-similarity	0.75	
different	different	differing-digits	HackerGroup	UAC-0149	UAC-0173	a	edit-similarity	0.75	
different	different	differing-digits	HackerGroup	UAC-0149	UAC-0177	a	edit-similarity	0.75	
different	different	differing-digits	HackerGroup	UAC-0149	UAC-0180	a	edit-similarity	0.75	
different	different	differing-digits	HackerGroup	UAC-0149	UAC-0184	a	edit-similarity	0.75	
different	different	differing-digits	HackerGroup	UAC-0149	UAC-0188	a	edit-similarity	0.75	
different	different	differing-digits	HackerGroup	UAC-0149	UAC-0195	a	edit-similarity	0.75	
different	different	differing-digits	HackerGroup	UAC-0149	UAC-0198	a	edit-similarity	0.75	
different	different	differing-digits	HackerGroup	UAC-0154	UAC-0165	a	edit-similarity	0.75	
different	different	differing-digits	HackerGroup	UAC-0154	UAC-0168	a	edit-similarity	0.75	
different	different	differing-digits	HackerGroup	UAC-0154	UAC-0170	a	edit-similarity	0.75	
different	different	differing-digits	HackerGroup	UAC-0154	UAC-0173	a	edit-similarity	0.75	
different	different	differing-digits	HackerGroup	UAC-0154	UAC-0177	a	edit-similarity	0.75	
different	different	differing-digits	HackerGroup	UAC-0154	UAC-0180	a	edit-similarity	0.75	
different	different	differing-digits	HackerGroup	UAC-0154	UAC-0188	a	edit-similarity	0.75	
different	different	differing-digits	HackerGroup	UAC-0154	UAC-0195	a	edit-similarity	0.75	
different	different	differing-digits	HackerGroup	UAC-0154	UAC-0198	a	edit-similarity	0.75	
different	different	differing-digits	HackerGroup	UAC-0154	UAC-0215	a	edit-similarity	0.75	
different	different	differing-digits	HackerGroup	UAC-0165	UAC-0170	a	edit-similarity	0.75	
different	different	differing-digits	HackerGroup	UAC-0165	UAC-0173	a	edit-similarity	0.75	
different	different	differing-digits	HackerGroup	UAC-0165	UAC-0177	a	edit-similarity	0.75	
different	different	differing-digits	HackerGroup	UAC-0165	UAC-0180	a	edit-similarity	0.75	
different	different	differing-digits	HackerGroup	UAC-0165	UAC-0184	a	edit-similarity	0.75	
different	different	differing-digits	HackerGroup	UAC-0165	UAC-0188	a	edit-similarity	0.75	
different	different	differing-digits	HackerGroup	UAC-0165	UAC-0198	a	edit-similarity	0.75	
different	different	differing-digits	HackerGroup	UAC-0165	UAC-0215	a	edit-similarity	0.75	
different	different	differing-digits	HackerGroup	UAC-0168	UAC-0170	a	edit-similarity	0.75	
different	different	differing-digits	HackerGroup	UAC-0168	UAC-0173	a	edit-similarity	0.75	
different	different	differing-digits	HackerGroup	UAC-0168	UAC-0177	a	edit-similarity	0.75	
different	different	differing-digits	HackerGroup	UAC-0168	UAC-0180	a	edit-similarity	0.75	
different	different	differing-digits	HackerGroup	UAC-0168	UAC-0184	a	edit-similarity	0.75	
different	different	differing-digits	HackerGroup	UAC-0168	UAC-0195	a	edit-similarity	0.75	
different	different	differing-digits	HackerGroup	UAC-0168	UAC-0218	a	edit-similarity	0.75	
different	different	differing-digits	HackerGroup	UAC-0170	UAC-0184	a	edit-similarity	0.75	
different	different	differing-digits	HackerGroup	UAC-0170	UAC-0188	a	edit-similarity	0.75	
different	different	differing-digits	HackerGroup	UAC-0170	UAC-0195	a	edit-similarity	0.75	
different	different	differing-digits	HackerGroup	UAC-0170	UAC-0198	a	edit-similarity	0.75	
different	different	differing-digits	HackerGroup	UAC-0170	UAC-0200	a	edit-similarity	0.75	
different	different	differing-digits	HackerGroup	UAC-0170	UAC-0210	a	edit-similarity	0.75	
different	different	differing-digits	HackerGroup	UAC-0173	UAC-0180	a	edit-similarity	0.75	
different	different	differing-digits	HackerGroup	UAC-0173	UAC-0184	a	edit-similarity	0.75	
different	different	differing-digits	HackerGroup	UAC-0173	UAC-0188	a	edit-similarity	0.75	
different	different	differing-digits	HackerGroup	UAC-0173	UAC-0195	a	edit-similarity	0.75	
different	different	differing-digits	HackerGroup	UAC-0173	UAC-0198	a	edit-similarity	0.75	
different	different	differing-digits	HackerGroup	UAC-0177	UAC-0180	a	edit-similarity	0.75	
different	different	differing-digits	HackerGroup	UAC-0177	UAC-0184	a	edit-similarity	0.75	
different	different	differing-digits	HackerGroup	UAC-0177	UAC-0188	a	edit-similarity	0.75	
different	different	differing-digits	HackerGroup	UAC-0177	UAC-0195	a	edit-similarity	0.75	
different	different	differing-digits	HackerGroup	UAC-0177	UAC-0198	a	edit-similarity	0.75	
different	different	differing-digits	HackerGroup	UAC-0180	UAC-0195	a	edit-similarity	0.75	
different	different	differing-digits	HackerGroup	UAC-0180	UAC-0198	a	edit-similarity	0.75	
different	different	differing-digits	HackerGroup	UAC-0180	UAC-0200	a	edit-similarity	0.75	
different	different	differing-digits	HackerGroup	UAC-0180	UAC-0210	a	edit-similarity	0.75	
different	different	differing-digits	HackerGroup	UAC-0180	UAC-0218	a	edit-similarity	0.75	
different	different	differing-digits	HackerGroup	UAC-0184	UAC-0195	a	edit-similarity	0.75	
different	different	differing-digits	HackerGroup	UAC-0184	UAC-0198	a	edit-similarity	0.75	
different	different	differing-digits	HackerGroup	UAC-0184	UAC-0218	a	edit-similarity	0.75	
different	different	differing-digits	HackerGroup	UAC-0188	UAC-0195	a	edit-similarity	0.75	
different	different	differing-digits	HackerGroup	UAC-0188	UAC-0218	a	edit-similarity	0.75	
different	different	differing-digits	HackerGroup	UAC-0195	UAC-0215	a	edit-similarity	0.75	
different	different	differing-digits	HackerGroup	UAC-0198	UAC-0218	a	edit-similarity	0.75	
different	different	differing-digits	HackerGroup	UAC-0200	UAC-0212	a	edit-similarity	0.75	
different	different	differing-digits	HackerGroup	UAC-0200	UAC-0215	a	edit-similarity	0.75	
different	different	differing-digits	HackerGroup	UAC-0200	UAC-0218	a	edit-similarity	0.75	
different	different	differing-digits	HackerGroup	UNC2596	unc2589	a	edit-similarity	0.7143	
	review	none	Individual	Микола Худинцев	Худинцев Микола Миколайович	a	edit-similarity	0.8	
same	same	punctuation-only	Organization	Trend Micro	Trendmicro	a	edit-similarity	0.9091	
	review	none	Organization	STARK INDUSTRIES SOLUTIONS LTD	stark-industries.solutions	a	edit-similarity	0.8571	
same	same	punctuation-only	Organization	UKR.NET	Ukrnet	a	edit-similarity	0.8571	
	review	none	Organization	Check Point	Check Point Research	a	edit-similarity	0.8	
same	same	punctuation-only	Organization	NO-IP	NoIP	a	edit-similarity	0.8	
	review	none	Organization	DigitalOcean	digitalocean.com	a	edit-similarity	0.75	
	review	none	Organization	Cherry Servers	cherryservers.com	a	edit-similarity	0.7059	
	review	none	Organization	cloudx.ru	macloud.ru	a	edit-similarity	0.7	
same	same	cross-script	Organization	NATO	НАТО	b	transliteration	0	
	review	none	Sector	Підприємства оборонно-промислового комплексу	підприємств оборонно-промислового комплексу	a	edit-similarity	0.9773	
	review	none	Sector	державна організація України	державні організації України	a	edit-similarity	0.9286	
	review	none	Sector	державна організація	державні організації	a	edit-similarity	0.9	
	review	none	Sector	вебсайти державних органів	сайти державних органів	a	edit-similarity	0.8846	
	review	none	Sector	Ukrainian heat supply sector	Ukrainian water supply sector	a	edit-similarity	0.8621	
	review	none	Sector	Heat supply sector	Ukrainian heat supply sector	a	edit-similarity	0.8571	
	review	none	Sector	Ukrainian water supply sector	Water supply sector	a	edit-similarity	0.8571	
	review	none	Sector	Державні фінансові установи України	Фінансові установи України	a	edit-similarity	0.8571	
	review	none	Sector	Державні фінансові установи України	державні установи України	a	edit-similarity	0.8571	
	review	none	Sector	Органи державної влади	органи державної влади Польщі	a	edit-similarity	0.8571	
	review	none	Sector	Органи державної влади	органи державної влади України	a	edit-similarity	0.8571	
	review	none	Sector	Органи державної влади	українські органи державної влади	a	edit-similarity	0.8571	
	review	none	Sector	органи місцевого самоврядування	органи місцевого самоврядування України	a	edit-similarity	0.8571	
	review	none	Sector	вебресурси державних організацій	вебсайти державних організацій	a	edit-similarity	0.8438	
	review	none	Sector	вебсайти державних органів	вебсайти державних організацій	a	edit-similarity	0.8333	
	review	none	Sector	Медійні організації України	державні організації України	a	edit-similarity	0.8214	
	review	none	Sector	Russian government bodies	Ukrainian government bodies	a	edit-similarity	0.8148	
	review	none	Sector	державні установи	державні установи США	a	edit-similarity	0.8095	
	review	none	Sector	Energy sector	Ukrainian energy sector	a	edit-similarity	0.8	
	review	none	Sector	Government bodies and enterprises of Ukraine	Government bodies of Ukraine	a	edit-similarity	0.8	
	review	none	Sector	Ukrainian defense enterprises	Ukrainian enterprises	a	edit-similarity	0.8	
	review	none	Sector	Ukrainian government organizations	Ukrainian organizations	a	edit-similarity	0.8	
	review	none	Sector	Ukrainian media organizations	Ukrainian organizations	a	edit-similarity	0.8	
	review	none	Sector	Ukrainian providers	Ukrainian telecommunications providers	a	edit-similarity	0.8	
	review	none	Sector	Медійні організації України	організації України	a	edit-similarity	0.8	
	review	none	Sector	державна організація	державна організація України	a	edit-similarity	0.8	
	review	none	Sector	державні органи	державні органи України	a	edit-similarity	0.8	
	review	none	Sector	державні органи України	державні установи України	a	edit-similarity	0.8	
	review	none	Sector	державні органи та органи місцевого самоврядування України	органи місцевого самоврядування України	a	edit-similarity	0.8	
	review	none	Sector	державні організації	державні організації України	a	edit-similarity	0.8	
	review	none	Sector	державні організації України	організації України	a	edit-similarity	0.8	
	review	none	Sector	державні та приватні установи, організації та підприємства	державні установи та підприємства	a	edit-similarity	0.8	
	review	none	Sector	державні установи	державні установи України	a	edit-similarity	0.8	
	review	none	Sector	Ukrainian defense sector	Ukrainian energy sector	a	edit-similarity	0.7917	
	review	none	Sector	Heat supply sector	Water supply sector	a	edit-similarity	0.7895	
	review	none	Sector	Government bodies of Ukraine	Government sector of Ukraine	a	edit-similarity	0.7857	
	review	none	Sector	державні органи України	державні організації України	a	edit-similarity	0.7857	
	review	none	Sector	Ukrainian government bodies	Ukrainian government sector	a	edit-similarity	0.7778	
	review	none	Sector	Austrian organizations	German organizations	a	edit-similarity	0.7727	
	review	none	Sector	Ukrainian government bodies	Ukrainian government officials	a	edit-similarity	0.7667	
	review	none	Sector	органи державної влади Польщі	органи державної влади України	a	edit-similarity	0.7667	
	review	none	Sector	державні установи США	державні установи України	a	edit-similarity	0.76	
	review	none	Sector	Веб-ресурси державних органів України	вебресурси державних організацій	a	edit-similarity	0.7568	
	review	none	Sector	Commercial sector of Ukraine	Government sector of Ukraine	a	edit-similarity	0.75	
	review	none	Sector	Медійні організації України	державна організація України	a	edit-similarity	0.75	
	review	none	Sector	державна організація України	державні органи України	a	edit-similarity	0.75	
	review	none	Sector	органи державної влади Польщі	українські органи державної влади	a	edit-similarity	0.75	
	review	none	Sector	органи державної влади України	українські органи державної влади	a	edit-similarity	0.75	
	review	none	Sector	Ukrainian defense sector	Ukrainian government sector	a	edit-similarity	0.7407	
	review	none	Sector	Austrian organizations	Ukrainian organizations	a	edit-similarity	0.7391	
	review	none	Sector	German organizations	Ukrainian organizations	a	edit-similarity	0.7391	
	review	none	Sector	Ukrainian government officials	Ukrainian government organizations	a	edit-similarity	0.7353	
	review	none	Sector	Ukrainian government organizations	Ukrainian media organizations	a	edit-similarity	0.7353	
	review	none	Sector	Ukrainian government officials	Ukrainian government sector	a	edit-similarity	0.7333	
	review	none	Sector	вебсайти державних організацій	сайти державних органів	a	edit-similarity	0.7333	
	review	none	Sector	польські організації	українські організації	a	edit-similarity	0.7273	
	review	none	Sector	державні органи	державні установи	a	edit-similarity	0.7059	
	review	none	Sector	Ukrainian energy sector	Ukrainian government sector	a	edit-similarity	0.7037	
	review	none	Sector	державні органи	державні організації	a	edit-similarity	0.7	
same	same	punctuation-only	Software	Base-Update.exe	base_update.exe	a	edit-similarity	1	
	review	none	Software	PowerShell (powershell.exe)	powershell.exe	a	edit-similarity	1	
different	different	differing-digits	Software	Microsoft Exchange Server 2010	Microsoft Exchange Server 2013	a	edit-similarity	0.9667	
different	different	differing-digits	Software	Microsoft Exchange Server 2010	Microsoft Exchange Server 2016	a	edit-similarity	0.9667	
different	different	differing-digits	Software	Microsoft Exchange Server 2010	Microsoft Exchange Server 2019	a	edit-similarity	0.9667	
different	different	differing-digits	Software	Microsoft Exchange Server 2013	Microsoft Exchange Server 2016	a	edit-similarity	0.9667	
different	different	differing-digits	Software	Microsoft Exchange Server 2013	Microsoft Exchange Server 2019	a	edit-similarity	0.9667	
different	different	differing-digits	Software	Microsoft Exchange Server 2016	Microsoft Exchange Server 2019	a	edit-similarity	0.9667	
different	different	differing-digits	Software	Microsoft Office 2010	Microsoft Office 2013	a	edit-similarity	0.9524	
different	different	differing-digits	Software	Microsoft Office 2010	Microsoft Office 2016	a	edit-similarity	0.9524	
different	different	differing-digits	Software	Microsoft Office 2010	Microsoft Office 2019	a	edit-similarity	0.9524	
different	different	differing-digits	Software	Microsoft Office 2013	Microsoft Office 2016	a	edit-similarity	0.9524	
different	different	differing-digits	Software	Microsoft Office 2013	Microsoft Office 2019	a	edit-similarity	0.9524	
different	different	differing-digits	Software	Microsoft Office 2016	Microsoft Office 2019	a	edit-similarity	0.9524	
different	different	differing-digits	Software	Windows Server 2012	Windows Server 2016	a	edit-similarity	0.9474	
different	different	differing-digits	Software	Windows Server 2012	Windows Server 2019	a	edit-similarity	0.9474	
different	different	differing-digits	Software	Windows Server 2016	Windows Server 2019	a	edit-similarity	0.9474	
different	different	differing-digits	Software	shellcode.x64 (Cobalt Strike Beacon)	shellcode.x86 (Cobalt Strike Beacon)	a	edit-similarity	0.9444	
different	different	differing-digits	Software	ArmyPlusInstaller-v.0.10.23672.exe	ArmyPlusInstaller-v.0.10.23722.exe	a	edit-similarity	0.9412	
different	different	differing-digits	Software	1.Платiжна iнструкцiя iпн та вытяг з реестру Код документа 9312-0580-6944-3255.exe	Платiжна iнструкцiя iпн та вытяг з реестру Код документа 9312-0580-6944-3255.zip	a	edit-similarity	0.939	
same	same	punctuation-only	Software	Remote Utilities	RemoteUtilities	a	edit-similarity	0.9375	
different	different	differing-digits	Software	Microsoft Windows Server 2008 R2 for Itanium-based Systems SP1	Microsoft Windows Server 2008 for Itanium-based Systems SP2	a	edit-similarity	0.9355	
different	different	differing-digits	Software	Microsoft Windows Server 2008 R2 for x64-based Systems SP1	Microsoft Windows Server 2008 for x64-based Systems SP2	a	edit-similarity	0.931	
different	different	differing-digits	Software	CVE-2017-17688	CVE-2017-17689	a	edit-similarity	0.9286	
different	different	differing-digits	Software	CVE-2018-20250	CVE-2018-20251	a	edit-similarity	0.9286	
different	different	differing-digits	Software	CVE-2018-20250	CVE-2018-20252	a	edit-similarity	0.9286	
different	different	differing-digits	Software	CVE-2018-20250	CVE-2018-20253	a	edit-similarity	0.9286	
different	different	differing-digits	Software	CVE-2018-20251	CVE-2018-20252	a	edit-similarity	0.9286	
different	different	differing-digits	Software	CVE-2018-20251	CVE-2018-20253	a	edit-similarity	0.9286	
different	different	differing-digits	Software	CVE-2018-20252	CVE-2018-20253	a	edit-similarity	0.9286	
different	different	differing-digits	Software	CVE-2021-26855	CVE-2021-26857	a	edit-similarity	0.9286	
different	different	differing-digits	Software	CVE-2021-26855	CVE-2021-26858	a	edit-similarity	0.9286	
different	different	differing-digits	Software	CVE-2021-26857	CVE-2021-26858	a	edit-similarity	0.9286	
different	different	differing-digits	Software	CVE-2022-23131	CVE-2022-23134	a	edit-similarity	0.9286	
different	different	differing-digits	Software	CVE-2018-7600	CVE-2018-7602	a	edit-similarity	0.9231	
different	different	differing-digits	Software	CVE-2018-8120	CVE-2018-8124	a	edit-similarity	0.9231	
different	different	differing-digits	Software	CVE-2018-8120	CVE-2018-8127	a	edit-similarity	0.9231	
different	different	differing-digits	Software	CVE-2018-8120	CVE-2018-8129	a	edit-similarity	0.9231	
different	different	differing-digits	Software	CVE-2018-8120	CVE-2018-8170	a	edit-similarity	0.9231	
different	different	differing-digits	Software	CVE-2018-8124	CVE-2018-8127	a	edit-similarity	0.9231	
different	different	differing-digits	Software	CVE-2018-8124	CVE-2018-8129	a	edit-similarity	0.9231	
different	different	differing-digits	Software	CVE-2018-8124	CVE-2018-8134	a	edit-similarity	0.9231	
different	different	differing-digits	Software	CVE-2018-8124	CVE-2018-8174	a	edit-similarity	0.9231	
different	different	differing-digits	Software	CVE-2018-8127	CVE-2018-8129	a	edit-similarity	0.9231	
different	different	differing-digits	Software	CVE-2018-8132	CVE-2018-8134	a	edit-similarity	0.9231	
different	different	differing-digits	Software	CVE-2018-8132	CVE-2018-8136	a	edit-similarity	0.9231	
different	different	differing-digits	Software	CVE-2018-8134	CVE-2018-8136	a	edit-similarity	0.9231	
different	different	differing-digits	Software	CVE-2018-8134	CVE-2018-8174	a	edit-similarity	0.9231	
different	different	differing-digits	Software	CVE-2018-8170	CVE-2018-8174	a	edit-similarity	0.9231	
different	different	differing-digits	Software	CVE-2020-0601	CVE-2020-0609	a	edit-similarity	0.9231	
different	different	differing-digits	Software	CVE-2020-0601	CVE-2020-0611	a	edit-similarity	0.9231	
different	different	differing-digits	Software	CVE-2020-0610	CVE-2020-0611	a	edit-similarity	0.9231	
different	different	differing-digits	Software	CVE-2020-3110	CVE-2020-3111	a	edit-similarity	0.9231	
different	different	differing-digits	Software	CVE-2020-3110	CVE-2020-3118	a	edit-similarity	0.9231	
different	different	differing-digits	Software	CVE-2020-3110	CVE-2020-3119	a	edit-similarity	0.9231	
different	different	differing-digits	Software	CVE-2020-3110	CVE-2020-3120	a	edit-similarity	0.9231	
different	different	differing-digits	Software	CVE-2020-3111	CVE-2020-3118	a	edit-similarity	0.9231	
different	different	differing-digits	Software	CVE-2020-3111	CVE-2020-3119	a	edit-similarity	0.9231	
different	different	differing-digits	Software	CVE-2020-3111	CVE-2020-3191	a	edit-similarity	0.9231	
different	different	differing-digits	Software	CVE-2020-3118	CVE-2020-3119	a	edit-similarity	0.9231	
different	different	differing-digits	Software	CVE-2020-3119	CVE-2020-3179	a	edit-similarity	0.9231	
different	different	differing-digits	Software	CVE-2020-3119	CVE-2020-3189	a	edit-similarity	0.9231	
different	different	differing-digits	Software	CVE-2020-3120	CVE-2020-3125	a	edit-similarity	0.9231	
different	different	differing-digits	Software	CVE-2020-3125	CVE-2020-3195	a	edit-similarity	0.9231	
different	different	differing-digits	Software	CVE-2020-3179	CVE-2020-3189	a	edit-similarity	0.9231	
different	different	differing-digits	Software	CVE-2020-3187	CVE-2020-3189	a	edit-similarity	0.9231	
different	different	differing-digits	Software	CVE-2020-3191	CVE-2020-3195	a	edit-similarity	0.9231	
different	different	differing-digits	Software	CVE-2020-3191	CVE-2020-3196	a	edit-similarity	0.9231	
different	different	differing-digits	Software	CVE-2020-3195	CVE-2020-3196	a	edit-similarity	0.9231	
different	different	differing-digits	Software	CVE-2020-3254	CVE-2020-3255	a	edit-similarity	0.9231	
different	different	differing-digits	Software	CVE-2020-3254	CVE-2020-3259	a	edit-similarity	0.9231	
different	different	differing-digits	Software	CVE-2020-3255	CVE-2020-3259	a	edit-similarity	0.9231	
different	different	differing-digits	Software	CVE-2020-3259	CVE-2020-3759	a	edit-similarity	0.9231	
different	different	differing-digits	Software	CVE-2020-3757	CVE-2020-3759	a	edit-similarity	0.9231	
different	different	differing-digits	Software	CVE-2020-7047	CVE-2020-7048	a	edit-similarity	0.9231	
	review	none	Software	Cisco IOS XE	Cisco IOS XR	a	edit-similarity	0.9167	
same	same	punctuation-only	Software	DARKCRYSTALRAT (DCRAT)	Dark Crystal RAT (DCRAT)	a	edit-similarity	0.9167	
	review	none	Software	ruhbll32.dll	runbll32.dll	a	edit-similarity	0.9167	
same	same	punctuation-only	Software	Agent Tesla	AgentTesla	a	edit-similarity	0.9091	
same	same	punctuation-only	Software	October CMS	OctoberCMS	a	edit-similarity	0.9091	
different	different	differing-digits	Software	Office 2010	Office 2013	a	edit-similarity	0.9091	
different	different	differing-digits	Software	Office 2010	Office 2016	a	edit-similarity	0.9091	
different	different	differing-digits	Software	Office 2013	Office 2016	a	edit-similarity	0.9091	
same	same	punctuation-only	Software	RDP Wrapper	RDPWrapper	a	edit-similarity	0.9091	
	review	none	Software	cscript.exe	wscript.exe	a	edit-similarity	0.9091	
	review	none	Software	icloud.cmd	iclouds.cmd	a	edit-similarity	0.9091	
different	different	differing-digits	Software	Microsoft Office 2007	Microsoft Office 2010	a	edit-similarity	0.9048	
different	different	differing-digits	Software	Microsoft Office 2007	Microsoft Office 2013	a	edit-similarity	0.9048	
different	different	differing-digits	Software	Microsoft Office 2007	Microsoft Office 2016	a	edit-similarity	0.9048	
different	different	differing-digits	Software	Microsoft Office 2007	Microsoft Office 2019	a	edit-similarity	0.9048	
different	different	differing-digits	Software	Microsoft Windows Server 2008 R2 for Itanium-based Systems SP1	Microsoft Windows Server 2008 R2 for x64-based Systems SP1	a	edit-similarity	0.9	
same	same	punctuation-only	Software	QUASAR RAT	QuasarRAT	a	edit-similarity	0.9	
same	same	punctuation-only	Software	Remcos RAT	RemcosRAT	a	edit-similarity	0.9	
different	different	differing-digits	Software	stage1.ps1	stage2.ps1	a	edit-similarity	0.9	
	review	none	Software	Електронний план евакуації.exe	Електронний план евакуації.rar	a	edit-similarity	0.9	
different	different	differing-digits	Software	Windows Server 2008	Windows Server 2012	a	edit-similarity	0.8947	
different	different	differing-digits	Software	Windows Server 2008	Windows Server 2016	a	edit-similarity	0.8947	
different	different	differing-digits	Software	Windows Server 2008	Windows Server 2019	a	edit-similarity	0.8947	
different	different	differing-digits	Software	Microsoft Windows Server 2008 for Itanium-based Systems SP2	Microsoft Windows Server 2008 for x64-based Systems SP2	a	edit-similarity	0.8889	
	review	none	Software	Windows_Security_Update_HxW	Windows_Security_Update_gMj	a	edit-similarity	0.8889	
	review	none	Software	Windows_Security_Update_HxW	Windows_Security_Update_xBQ	a	edit-similarity	0.8889	
	review	none	Software	Windows_Security_Update_gMj	Windows_Security_Update_xBQ	a	edit-similarity	0.8889	
	review	none	Software	рахунки компания технік.lzh	рахунки компания технік.zip	a	edit-similarity	0.8889	
different	different	differing-digits	Software	shellcode.x64.bin	shellcode.x86.bin	a	edit-similarity	0.8824	
	review	none	Software	Видаткова_накладная_№121_вiд_18_липня_2023p.pdf.js	Видаткова_накладная_№121_вiд_18_липня_2023p.zip	a	edit-similarity	0.88	
	review	none	Software	ROMFUSClient.exe	rfusclient.exe	a	edit-similarity	0.875	
	review	none	Software	inf.zip	info.zip	a	edit-similarity	0.875	
different	different	differing-digits	Software	Microsoft Windows Server 2008 for 32-bit Systems SP2	Microsoft Windows Server 2008 for x64-based Systems SP2	a	edit-similarity	0.8727	
	review	none	Software	cpcrs.exe (DoubleZero)	csrss.exe (DoubleZero)	a	edit-similarity	0.8636	
	review	one-sided-digits	Software	AutoIt	AutoIt3	a	edit-similarity	0.8571	
different	different	differing-digits	Software	CVE-2020-3120	CVE-2021-31207	a	edit-similarity	0.8571	
different	different	differing-digits	Software	CVE-2020-35730	CVE-2020-3760	a	edit-similarity	0.8571	
different	different	differing-digits	Software	CVE-2021-34473	CVE-2021-34523	a	edit-similarity	0.8571	
different	different	differing-digits	Software	CVE-2021-44026	CVE-2021-44228	a	edit-similarity	0.8571	
	review	none	Software	CVE-2023-38831	WinRAR CVE-2023-38831	a	identifier	0.8571	
	review	one-sided-digits	Software	Microsoft Exchange Server	Microsoft Exchange Server 2010	a	edit-similarity	0.8571	
	review	one-sided-digits	Software	Microsoft Exchange Server	Microsoft Exchange Server 2013	a	edit-similarity	0.8571	
	review	one-sided-digits	Software	Microsoft Exchange Server	Microsoft Exchange Server 2016	a	edit-similarity	0.8571	
	review	one-sided-digits	Software	Microsoft Exchange Server	Microsoft Exchange Server 2019	a	edit-similarity	0.8571	
	review	none	Software	OpenSSH	OpenSSL	a	edit-similarity	0.8571	
different	different	differing-digits	Software	TRYxaEbX.ps1	TRYxaEbX_2.ps1	a	edit-similarity	0.8571	
	review	none	Software	Microsoft Windows	Microsoft Windows XP	a	edit-similarity	0.85	
different	different	differing-digits	Software	CVE-2017-0144	CVE-2017-0199	a	edit-similarity	0.8462	
different	different	differing-digits	Software	CVE-2018-0854	CVE-2018-0958	a	edit-similarity	0.8462	
different	different	differing-digits	Software	CVE-2018-8120	CVE-2018-8132	a	edit-similarity	0.8462	
different	different	differing-digits	Software	CVE-2018-8120	CVE-2018-8134	a	edit-similarity	0.8462	
different	different	differing-digits	Software	CVE-2018-8120	CVE-2018-8136	a	edit-similarity	0.8462	
different	different	differing-digits	Software	CVE-2018-8120	CVE-2018-8141	a	edit-similarity	0.8462	
different	different	differing-digits	Software	CVE-2018-8120	CVE-2018-8174	a	edit-similarity	0.8462	
different	different	differing-digits	Software	CVE-2018-8124	CVE-2018-8132	a	edit-similarity	0.8462	
different	different	differing-digits	Software	CVE-2018-8124	CVE-2018-8136	a	edit-similarity	0.8462	
different	different	differing-digits	Software	CVE-2018-8124	CVE-2018-8141	a	edit-similarity	0.8462	
different	different	differing-digits	Software	CVE-2018-8124	CVE-2018-8170	a	edit-similarity	0.8462	
different	different	differing-digits	Software	CVE-2018-8127	CVE-2018-8132	a	edit-similarity	0.8462	
different	different	differing-digits	Software	CVE-2018-8127	CVE-2018-8134	a	edit-similarity	0.8462	
different	different	differing-digits	Software	CVE-2018-8127	CVE-2018-8136	a	edit-similarity	0.8462	
different	different	differing-digits	Software	CVE-2018-8127	CVE-2018-8141	a	edit-similarity	0.8462	
different	different	differing-digits	Software	CVE-2018-8127	CVE-2018-8170	a	edit-similarity	0.8462	
different	different	differing-digits	Software	CVE-2018-8127	CVE-2018-8174	a	edit-similarity	0.8462	
different	different	differing-digits	Software	CVE-2018-8127	CVE-2018-8897	a	edit-similarity	0.8462	
different	different	differing-digits	Software	CVE-2018-8129	CVE-2018-8132	a	edit-similarity	0.8462	
different	different	differing-digits	Software	CVE-2018-8129	CVE-2018-8134	a	edit-similarity	0.8462	
different	different	differing-digits	Software	CVE-2018-8129	CVE-2018-8136	a	edit-similarity	0.8462	
different	different	differing-digits	Software	CVE-2018-8129	CVE-2018-8141	a	edit-similarity	0.8462	
different	different	differing-digits	Software	CVE-2018-8129	CVE-2018-8170	a	edit-similarity	0.8462	
different	different	differing-digits	Software	CVE-2018-8129	CVE-2018-8174	a	edit-similarity	0.8462	
different	different	differing-digits	Software	CVE-2018-8132	CVE-2018-8141	a	edit-similarity	0.8462	
different	different	differing-digits	Software	CVE-2018-8132	CVE-2018-8170	a	edit-similarity	0.8462	
different	different	differing-digits	Software	CVE-2018-8132	CVE-2018-8174	a	edit-similarity	0.8462	
different	different	differing-digits	Software	CVE-2018-8134	CVE-2018-8141	a	edit-similarity	0.8462	
different	different	differing-digits	Software	CVE-2018-8134	CVE-2018-8170	a	edit-similarity	0.8462	
different	different	differing-digits	Software	CVE-2018-8136	CVE-2018-8141	a	edit-similarity	0.8462	
different	different	differing-digits	Software	CVE-2018-8136	CVE-2018-8170	a	edit-similarity	0.8462	
different	different	differing-digits	Software	CVE-2018-8136	CVE-2018-8174	a	edit-similarity	0.8462	
different	different	differing-digits	Software	CVE-2018-8141	CVE-2018-8170	a	edit-similarity	0.8462	
different	different	differing-digits	Software	CVE-2018-8141	CVE-2018-8174	a	edit-similarity	0.8462	
different	different	differing-digits	Software	CVE-2020-0601	CVE-2020-0610	a	edit-similarity	0.8462	
different	different	differing-digits	Software	CVE-2020-0609	CVE-2020-0610	a	edit-similarity	0.8462	
different	different	differing-digits	Software	CVE-2020-0609	CVE-2020-0611	a	edit-similarity	0.8462	
different	different	differing-digits	Software	CVE-2020-0610	CVE-2020-3110	a	edit-similarity	0.8462	
different	different	differing-digits	Software	CVE-2020-0611	CVE-2020-3111	a	edit-similarity	0.8462	
different	different	differing-digits	Software	CVE-2020-3110	CVE-2020-3125	a	edit-similarity	0.8462	
different	different	differing-digits	Software	CVE-2020-3110	CVE-2020-3179	a	edit-similarity	0.8462	
different	different	differing-digits	Software	CVE-2020-3110	CVE-2020-3187	a	edit-similarity	0.8462	
different	different	differing-digits	Software	CVE-2020-3110	CVE-2020-3189	a	edit-similarity	0.8462	
different	different	differing-digits	Software	CVE-2020-3110	CVE-2020-3191	a	edit-similarity	0.8462	
different	different	differing-digits	Software	CVE-2020-3110	CVE-2020-3195	a	edit-similarity	0.8462	
different	different	differing-digits	Software	CVE-2020-3110	CVE-2020-3196	a	edit-similarity	0.8462	
different	different	differing-digits	Software	CVE-2020-3110	CVE-2020-3760	a	edit-similarity	0.8462	
different	different	differing-digits	Software	CVE-2020-3111	CVE-2020-3120	a	edit-similarity	0.8462	
different	different	differing-digits	Software	CVE-2020-3111	CVE-2020-3125	a	edit-similarity	0.8462	
different	different	differing-digits	Software	CVE-2020-3111	CVE-2020-3179	a	edit-similarity	0.8462	
different	different	differing-digits	Software	CVE-2020-3111	CVE-2020-3187	a	edit-similarity	0.8462	
different	different	differing-digits	Software	CVE-2020-3111	CVE-2020-3189	a	edit-similarity	0.8462	
different	different	differing-digits	Software	CVE-2020-3111	CVE-2020-3195	a	edit-similarity	0.8462	
different	different	differing-digits	Software	CVE-2020-3111	CVE-2020-3196	a	edit-similarity	0.8462	
different	different	differing-digits	Software	CVE-2020-3111	CVE-2020-3741	a	edit-similarity	0.8462	
different	different	differing-digits	Software	CVE-2020-3118	CVE-2020-3120	a	edit-similarity	0.8462	
different	different	differing-digits	Software	CVE-2020-3118	CVE-2020-3125	a	edit-similarity	0.8462	
different	different	differing-digits	Software	CVE-2020-3118	CVE-2020-3179	a	edit-similarity	0.8462	
different	different	differing-digits	Software	CVE-2020-3118	CVE-2020-3187	a	edit-similarity	0.8462	
different	different	differing-digits	Software	CVE-2020-3118	CVE-2020-3189	a	edit-similarity	0.8462	
different	different	differing-digits	Software	CVE-2020-3118	CVE-2020-3191	a	edit-similarity	0.8462	
different	different	differing-digits	Software	CVE-2020-3118	CVE-2020-3195	a	edit-similarity	0.8462	
different	different	differing-digits	Software	CVE-2020-3118	CVE-2020-3196	a	edit-similarity	0.8462	
different	different	differing-digits	Software	CVE-2020-3118	CVE-2020-3298	a	edit-similarity	0.8462	
different	different	differing-digits	Software	CVE-2020-3119	CVE-2020-3120	a	edit-similarity	0.8462	
different	different	differing-digits	Software	CVE-2020-3119	CVE-2020-3125	a	edit-similarity	0.8462	
different	different	differing-digits	Software	CVE-2020-3119	CVE-2020-3187	a	edit-similarity	0.8462	
different	different	differing-digits	Software	CVE-2020-3119	CVE-2020-3191	a	edit-similarity	0.8462	
different	different	differing-digits	Software	CVE-2020-3119	CVE-2020-3195	a	edit-similarity	0.8462	
different	different	differing-digits	Software	CVE-2020-3119	CVE-2020-3196	a	edit-similarity	0.8462	
different	different	differing-digits	Software	CVE-2020-3119	CVE-2020-3259	a	edit-similarity	0.8462	
different	different	differing-digits	Software	CVE-2020-3119	CVE-2020-3759	a	edit-similarity	0.8462	
different	different	differing-digits	Software	CVE-2020-3120	CVE-2020-3179	a	edit-similarity	0.8462	
different	different	differing-digits	Software	CVE-2020-3120	CVE-2020-3187	a	edit-similarity	0.8462	
different	different	differing-digits	Software	CVE-2020-3120	CVE-2020-3189	a	edit-similarity	0.8462	
different	different	differing-digits	Software	CVE-2020-3120	CVE-2020-3191	a	edit-similarity	0.8462	
different	different	differing-digits	Software	CVE-2020-3120	CVE-2020-3195	a	edit-similarity	0.8462	
different	different	differing-digits	Software	CVE-2020-3120	CVE-2020-3196	a	edit-similarity	0.8462	
different	different	differing-digits	Software	CVE-2020-3120	CVE-2020-3760	a	edit-similarity	0.8462	
different	different	differing-digits	Software	CVE-2020-3125	CVE-2020-3179	a	edit-similarity	0.8462	
different	different	differing-digits	Software	CVE-2020-3125	CVE-2020-3187	a	edit-similarity	0.8462	
different	different	differing-digits	Software	CVE-2020-3125	CVE-2020-3189	a	edit-similarity	0.8462	
different	different	differing-digits	Software	CVE-2020-3125	CVE-2020-3191	a	edit-similarity	0.8462	
different	different	differing-digits	Software	CVE-2020-3125	CVE-2020-3196	a	edit-similarity	0.8462	
different	different	differing-digits	Software	CVE-2020-3125	CVE-2020-3254	a	edit-similarity	0.8462	
different	different	differing-digits	Software	CVE-2020-3125	CVE-2020-3255	a	edit-similarity	0.8462	
different	different	differing-digits	Software	CVE-2020-3125	CVE-2020-3259	a	edit-similarity	0.8462	
different	different	differing-digits	Software	CVE-2020-3179	CVE-2020-3187	a	edit-similarity	0.8462	
different	different	differing-digits	Software	CVE-2020-3179	CVE-2020-3191	a	edit-similarity	0.8462	
different	different	differing-digits	Software	CVE-2020-3179	CVE-2020-3195	a	edit-similarity	0.8462	
different	different	differing-digits	Software	CVE-2020-3179	CVE-2020-3196	a	edit-similarity	0.8462	
different	different	differing-digits	Software	CVE-2020-3179	CVE-2020-3259	a	edit-similarity	0.8462	
different	different	differing-digits	Software	CVE-2020-3179	CVE-2020-3759	a	edit-similarity	0.8462	
different	different	differing-digits	Software	CVE-2020-3187	CVE-2020-3191	a	edit-similarity	0.8462	
different	different	differing-digits	Software	CVE-2020-3187	CVE-2020-3195	a	edit-similarity	0.8462	
different	different	differing-digits	Software	CVE-2020-3187	CVE-2020-3196	a	edit-similarity	0.8462	
different	different	differing-digits	Software	CVE-2020-3187	CVE-2020-3283	a	edit-similarity	0.8462	
different	different	differing-digits	Software	CVE-2020-3187	CVE-2020-3757	a	edit-similarity	0.8462	
different	different	differing-digits	Software	CVE-2020-3189	CVE-2020-3191	a	edit-similarity	0.8462	
different	different	differing-digits	Software	CVE-2020-3189	CVE-2020-3195	a	edit-similarity	0.8462	
different	different	differing-digits	Software	CVE-2020-3189	CVE-2020-3196	a	edit-similarity	0.8462	
different	different	differing-digits	Software	CVE-2020-3189	CVE-2020-3259	a	edit-similarity	0.8462	
different	different	differing-digits	Software	CVE-2020-3189	CVE-2020-3283	a	edit-similarity	0.8462	
different	different	differing-digits	Software	CVE-2020-3189	CVE-2020-3759	a	edit-similarity	0.8462	
different	different	differing-digits	Software	CVE-2020-3191	CVE-2020-3298	a	edit-similarity	0.8462	
different	different	differing-digits	Software	CVE-2020-3191	CVE-2020-3741	a	edit-similarity	0.8462	
different	different	differing-digits	Software	CVE-2020-3195	CVE-2020-3255	a	edit-similarity	0.8462	
different	different	differing-digits	Software	CVE-2020-3195	CVE-2020-3298	a	edit-similarity	0.8462	
different	different	differing-digits	Software	CVE-2020-3196	CVE-2020-3298	a	edit-similarity	0.8462	
different	different	differing-digits	Software	CVE-2020-3254	CVE-2020-3283	a	edit-similarity	0.8462	
different	different	differing-digits	Software	CVE-2020-3254	CVE-2020-3298	a	edit-similarity	0.8462	
different	different	differing-digits	Software	CVE-2020-3254	CVE-2020-3757	a	edit-similarity	0.8462	
different	different	differing-digits	Software	CVE-2020-3254	CVE-2020-3759	a	edit-similarity	0.8462	
different	different	differing-digits	Software	CVE-2020-3255	CVE-2020-3283	a	edit-similarity	0.8462	
different	different	differing-digits	Software	CVE-2020-3255	CVE-2020-3298	a	edit-similarity	0.8462	
different	different	differing-digits	Software	CVE-2020-3255	CVE-2020-3757	a	edit-similarity	0.8462	
different	different	differing-digits	Software	CVE-2020-3255	CVE-2020-3759	a	edit-similarity	0.8462	
different	different	differing-digits	Software	CVE-2020-3259	CVE-2020-3283	a	edit-similarity	0.8462	
different	different	differing-digits	Software	CVE-2020-3259	CVE-2020-3298	a	edit-similarity	0.8462	
different	different	differing-digits	Software	CVE-2020-3259	CVE-2020-3757	a	edit-similarity	0.8462	
different	different	differing-digits	Software	CVE-2020-3283	CVE-2020-3298	a	edit-similarity	0.8462	
different	different	differing-digits	Software	CVE-2020-3741	CVE-2020-3757	a	edit-similarity	0.8462	
different	different	differing-digits	Software	CVE-2020-3741	CVE-2020-3759	a	edit-similarity	0.8462	
different	different	differing-digits	Software	CVE-2020-3741	CVE-2020-3760	a	edit-similarity	0.8462	
different	different	differing-digits	Software	CVE-2020-3757	CVE-2020-3760	a	edit-similarity	0.8462	
different	different	differing-digits	Software	CVE-2020-3759	CVE-2020-3760	a	edit-similarity	0.8462	
different	different	differing-digits	Software	GandCrab v4	GandCrab v4.1	a	edit-similarity	0.8462	
different	different	differing-digits	Software	Microsoft Windows 7 for 32-bit Systems SP1	Microsoft Windows 7 for x64-based Systems SP1	a	edit-similarity	0.8444	
	review	none	Software	GoDownloader	jDownloader	a	edit-similarity	0.8333	
	review	none	Software	RemCom	Remcos	a	edit-similarity	0.8333	
	review	none	Software	RemCom	RomCom	a	edit-similarity	0.8333	
different	different	differing-digits	Software	Microsoft Windows Server 2008 R2 for Itanium-based Systems SP1	Microsoft Windows Server 2008 for x64-based Systems SP2	a	edit-similarity	0.8226	
	review	none	Software	Cisco FXOS	Cisco NX-OS	a	edit-similarity	0.8182	
different	different	differing-digits	Software	Office 2007	Office 2010	a	edit-similarity	0.8182	
different	different	differing-digits	Software	Office 2007	Office 2013	a	edit-similarity	0.8182	
different	different	differing-digits	Software	Office 2007	Office 2016	a	edit-similarity	0.8182	
different	different	differing-digits	Software	Microsoft Windows Server 2008 R2 for x64-based Systems SP1	Microsoft Windows Server 2008 for Itanium-based Systems SP2	a	edit-similarity	0.8136	
different	different	differing-digits	Software	Microsoft Windows Server 2008 for 32-bit Systems SP2	Microsoft Windows Server 2008 for Itanium-based Systems SP2	a	edit-similarity	0.8136	
different	different	differing-digits	Software	GammaLoad.PS1	GammaLoad.PS1_v2	a	edit-similarity	0.8125	
different	different	differing-digits	Software	Microsoft Windows Server 2008 R2 for x64-based Systems SP1	Microsoft Windows Server 2008 for 32-bit Systems SP2	a	edit-similarity	0.8103	
	review	one-sided-digits	Software	Microsoft Office 2007	Microsoft Office Word	a	edit-similarity	0.8095	
	review	one-sided-digits	Software	Microsoft Office 2010	Microsoft Office Word	a	edit-similarity	0.8095	
	review	one-sided-digits	Software	Microsoft Office 2013	Microsoft Office Word	a	edit-similarity	0.8095	
	review	one-sided-digits	Software	Microsoft Office 2016	Microsoft Office Word	a	edit-similarity	0.8095	
	review	one-sided-digits	Software	Microsoft Office 2019	Microsoft Office Word	a	edit-similarity	0.8095	
	review	none	Software	Cisco FXOS	Cisco IOS	a	edit-similarity	0.8	
	review	none	Software	Cisco IOS	Cisco IOS XE	a	edit-similarity	0.8	
	review	none	Software	Cisco IOS	Cisco IOS XR	a	edit-similarity	0.8	
	review	none	Software	MSCommonDriver.DCRat.exe	MSCommonDriver.exe	a	edit-similarity	0.8	
	review	none	Software	Microsoft Edge	Microsoft Excel	a	edit-similarity	0.8	
	review	one-sided-digits	Software	Microsoft Office	Microsoft Office 2007	a	edit-similarity	0.8	
	review	one-sided-digits	Software	Microsoft Office	Microsoft Office 2010	a	edit-similarity	0.8	
	review	one-sided-digits	Software	Microsoft Office	Microsoft Office 2013	a	edit-similarity	0.8	
	review	one-sided-digits	Software	Microsoft Office	Microsoft Office 2016	a	edit-similarity	0.8	
	review	one-sided-digits	Software	Microsoft Office	Microsoft Office 2019	a	edit-similarity	0.8	
	review	none	Software	Microsoft Office	Microsoft Office Word	a	edit-similarity	0.8	
	review	none	Software	Microsoft Office 2007	Office 2007	a	edit-similarity	0.8	
	review	none	Software	Microsoft Office 2010	Office 2010	a	edit-similarity	0.8	
	review	none	Software	Microsoft Office 2013	Office 2013	a	edit-similarity	0.8	
	review	none	Software	Microsoft Office 2016	Office 2016	a	edit-similarity	0.8	
	review	none	Software	Microsoft Office Word	Microsoft Word	a	edit-similarity	0.8	
	review	none	Software	Remote Utilities	Remote Utilities - Host	a	edit-similarity	0.8	
	review	none	Software	SPECTR.Fs	SPECTR.Usb	a	edit-similarity	0.8	
	review	none	Software	VMware Fusion	VMware Fusion Pro	a	edit-similarity	0.8	
	review	none	Software	VMware Workstation Player	VMware Workstation Pro	a	edit-similarity	0.8	
different	different	differing-digits	Software	Windows 10	Windows 7	a	edit-similarity	0.8	
same	same	decorated-identifier	Software	csrss.exe	csrss.exe (DoubleZero)	a	edit-similarity	0.8	
	review	none	Software	Диверсанти filercs.rar	Диверсанти.rar	a	edit-similarity	0.8	
	review	none	Software	501_25_103.lnk	501_25_103.zip	a	edit-similarity	0.7857	
different	different	differing-digits	Software	CVE-2017-0144	CVE-2017-14491	a	edit-similarity	0.7857	
different	different	differing-digits	Software	CVE-2017-11882	CVE-2017-17688	a	edit-similarity	0.7857	
different	different	differing-digits	Software	CVE-2017-11882	CVE-2017-17689	a	edit-similarity	0.7857	
different	different	differing-digits	Software	CVE-2017-11882	CVE-2018-6882	a	edit-similarity	0.7857	
different	different	differing-digits	Software	CVE-2017-17688	CVE-2019-17666	a	edit-similarity	0.7857	
different	different	differing-digits	Software	CVE-2017-17689	CVE-2017-8759	a	edit-similarity	0.7857	
different	different	differing-digits	Software	CVE-2017-17689	CVE-2019-17666	a	edit-similarity	0.7857	
different	different	differing-digits	Software	CVE-2018-0854	CVE-2018-20250	a	edit-similarity	0.7857	
different	different	differing-digits	Software	CVE-2018-0854	CVE-2018-20251	a	edit-similarity	0.7857	
different	different	differing-digits	Software	CVE-2018-0854	CVE-2018-20252	a	edit-similarity	0.7857	
different	different	differing-digits	Software	CVE-2018-0854	CVE-2018-20253	a	edit-similarity	0.7857	
different	different	differing-digits	Software	CVE-2018-0958	CVE-2018-20250	a	edit-similarity	0.7857	
different	different	differing-digits	Software	CVE-2018-0958	CVE-2018-20251	a	edit-similarity	0.7857	
different	different	differing-digits	Software	CVE-2018-0958	CVE-2018-20252	a	edit-similarity	0.7857	
different	different	differing-digits	Software	CVE-2018-0958	CVE-2018-20253	a	edit-similarity	0.7857	
different	different	differing-digits	Software	CVE-2018-20250	CVE-2018-8120	a	edit-similarity	0.7857	
different	different	differing-digits	Software	CVE-2020-0601	CVE-2020-12641	a	edit-similarity	0.7857	
different	different	differing-digits	Software	CVE-2020-0611	CVE-2020-12641	a	edit-similarity	0.7857	
different	different	differing-digits	Software	CVE-2020-12641	CVE-2020-3254	a	edit-similarity	0.7857	
different	different	differing-digits	Software	CVE-2020-12641	CVE-2020-3741	a	edit-similarity	0.7857	
different	different	differing-digits	Software	CVE-2020-12641	CVE-2021-32648	a	edit-similarity	0.7857	
different	different	differing-digits	Software	CVE-2020-3110	CVE-2020-35730	a	edit-similarity	0.7857	
different	different	differing-digits	Software	CVE-2020-3110	CVE-2021-31207	a	edit-similarity	0.7857	
different	different	differing-digits	Software	CVE-2020-3110	CVE-2022-30190	a	edit-similarity	0.7857	
different	different	differing-digits	Software	CVE-2020-3111	CVE-2022-23131	a	edit-similarity	0.7857	
different	different	differing-digits	Software	CVE-2020-3119	CVE-2022-30190	a	edit-similarity	0.7857	
different	different	differing-digits	Software	CVE-2020-3120	CVE-2020-35730	a	edit-similarity	0.7857	
different	different	differing-digits	Software	CVE-2020-3120	CVE-2022-30190	a	edit-similarity	0.7857	
different	different	differing-digits	Software	CVE-2020-3125	CVE-2021-31207	a	edit-similarity	0.7857	
different	different	differing-digits	Software	CVE-2020-3179	CVE-2020-35730	a	edit-similarity	0.7857	
different	different	differing-digits	Software	CVE-2020-3187	CVE-2021-31207	a	edit-similarity	0.7857	
different	different	differing-digits	Software	CVE-2020-3191	CVE-2022-23131	a	edit-similarity	0.7857	
different	different	differing-digits	Software	CVE-2020-3191	CVE-2022-30190	a	edit-similarity	0.7857	
different	different	differing-digits	Software	CVE-2020-3195	CVE-2022-30190	a	edit-similarity	0.7857	
different	different	differing-digits	Software	CVE-2020-3196	CVE-2022-30190	a	edit-similarity	0.7857	
different	different	differing-digits	Software	CVE-2020-3254	CVE-2021-32648	a	edit-similarity	0.7857	
different	different	differing-digits	Software	CVE-2020-3283	CVE-2020-35730	a	edit-similarity	0.7857	
different	different	differing-digits	Software	CVE-2020-3283	CVE-2023-38831	a	edit-similarity	0.7857	
different	different	differing-digits	Software	CVE-2020-3283	CVE-2024-38213	a	edit-similarity	0.7857	
different	different	differing-digits	Software	CVE-2020-3298	CVE-2021-32648	a	edit-similarity	0.7857	
different	different	differing-digits	Software	CVE-2020-35730	CVE-2020-3741	a	edit-similarity	0.7857	
different	different	differing-digits	Software	CVE-2020-35730	CVE-2020-3757	a	edit-similarity	0.7857	
different	different	differing-digits	Software	CVE-2020-35730	CVE-2020-3759	a	edit-similarity	0.7857	
different	different	differing-digits	Software	CVE-2020-3760	CVE-2023-43770	a	edit-similarity	0.7857	
different	different	differing-digits	Software	CVE-2021-26855	CVE-2021-27065	a	edit-similarity	0.7857	
different	different	differing-digits	Software	CVE-2021-26858	CVE-2021-32648	a	edit-similarity	0.7857	
different	different	differing-digits	Software	CVE-2021-31207	CVE-2022-21907	a	edit-similarity	0.7857	
different	different	differing-digits	Software	CVE-2021-34523	CVE-2021-44026	a	edit-similarity	0.7857	
different	different	differing-digits	Software	CVE-2021-34523	CVE-2021-44228	a	edit-similarity	0.7857	
different	different	differing-digits	Software	CVE-2021-34523	CVE-2022-24521	a	edit-similarity	0.7857	
different	different	differing-digits	Software	CVE-2022-21907	CVE-2022-30190	a	edit-similarity	0.7857	
different	different	differing-digits	Software	CVE-2022-23131	CVE-2022-24521	a	edit-similarity	0.7857	
	review	none	Software	CocCoc Browser	Coowon Browser	a	edit-similarity	0.7857	
	review	one-sided-digits	Software	GammaSteel.NET	GammaSteel.PS1	a	edit-similarity	0.7857	
	review	none	Software	Kometa Browser	Opera Browser	a	edit-similarity	0.7857	
different	different	differing-digits	Software	Microsoft Windows 7 for x64-based Systems SP1	Microsoft Windows Server 2008 for x64-based Systems SP2	a	edit-similarity	0.7818	
	review	none	Software	ChromePlus Browser	Chromium Browser	a	edit-similarity	0.7778	
different	different	differing-digits	Software	Microsoft Windows 7 for x64-based Systems SP1	Microsoft Windows Server 2008 R2 for x64-based Systems SP1	a	edit-similarity	0.7778	
	review	one-sided-digits	Software	Windows	Windows 7	a	edit-similarity	0.7778	
	review	none	Software	crsse.exe	csrss.exe	a	edit-similarity	0.7778	
	review	none	Software	Brave Browser	Uran Browser	a	edit-similarity	0.7692	
different	different	differing-digits	Software	CVE-2017-0144	CVE-2018-0854	a	edit-similarity	0.7692	
different	different	differing-digits	Software	CVE-2017-0144	CVE-2018-8124	a	edit-similarity	0.7692	
different	different	differing-digits	Software	CVE-2017-0144	CVE-2018-8134	a	edit-similarity	0.7692	
different	different	differing-digits	Software	CVE-2017-0144	CVE-2018-8141	a	edit-similarity	0.7692	
different	different	differing-digits	Software	CVE-2017-0144	CVE-2018-8174	a	edit-similarity	0.7692	
different	different	differing-digits	Software	CVE-2017-0199	CVE-2017-8759	a	edit-similarity	0.7692	
different	different	differing-digits	Software	CVE-2017-0199	CVE-2018-8129	a	edit-similarity	0.7692	
different	different	differing-digits	Software	CVE-2017-8759	CVE-2018-8129	a	edit-similarity	0.7692	
different	different	differing-digits	Software	CVE-2017-8759	CVE-2020-3759	a	edit-similarity	0.7692	
different	different	differing-digits	Software	CVE-2018-0854	CVE-2018-6882	a	edit-similarity	0.7692	
different	different	differing-digits	Software	CVE-2018-0854	CVE-2018-8124	a	edit-similarity	0.7692	
different	different	differing-digits	Software	CVE-2018-0854	CVE-2018-8134	a	edit-similarity	0.7692	
different	different	differing-digits	Software	CVE-2018-0854	CVE-2018-8141	a	edit-similarity	0.7692	
different	different	differing-digits	Software	CVE-2018-0854	CVE-2018-8174	a	edit-similarity	0.7692	
different	different	differing-digits	Software	CVE-2018-0854	CVE-2018-8897	a	edit-similarity	0.7692	
different	different	differing-digits	Software	CVE-2018-0958	CVE-2019-0708	a	edit-similarity	0.7692	
different	different	differing-digits	Software	CVE-2018-6882	CVE-2018-7602	a	edit-similarity	0.7692	
different	different	differing-digits	Software	CVE-2018-6882	CVE-2018-8120	a	edit-similarity	0.7692	
different	different	differing-digits	Software	CVE-2018-6882	CVE-2018-8124	a	edit-similarity	0.7692	
different	different	differing-digits	Software	CVE-2018-6882	CVE-2018-8127	a	edit-similarity	0.7692	
different	different	differing-digits	Software	CVE-2018-6882	CVE-2018-8129	a	edit-similarity	0.7692	
different	different	differing-digits	Software	CVE-2018-6882	CVE-2018-8132	a	edit-similarity	0.7692	
different	different	differing-digits	Software	CVE-2018-6882	CVE-2018-8897	a	edit-similarity	0.7692	
different	different	differing-digits	Software	CVE-2018-7600	CVE-2018-8120	a	edit-similarity	0.7692	
different	different	differing-digits	Software	CVE-2018-7600	CVE-2018-8170	a	edit-similarity	0.7692	
different	different	differing-digits	Software	CVE-2018-7602	CVE-2018-8132	a	edit-similarity	0.7692	
different	different	differing-digits	Software	CVE-2018-8120	CVE-2018-8897	a	edit-similarity	0.7692	
different	different	differing-digits	Software	CVE-2018-8120	CVE-2020-3120	a	edit-similarity	0.7692	
different	different	differing-digits	Software	CVE-2018-8124	CVE-2018-8897	a	edit-similarity	0.7692	
different	different	differing-digits	Software	CVE-2018-8129	CVE-2018-8897	a	edit-similarity	0.7692	
different	different	differing-digits	Software	CVE-2018-8132	CVE-2018-8897	a	edit-similarity	0.7692	
different	different	differing-digits	Software	CVE-2018-8134	CVE-2018-8897	a	edit-similarity	0.7692	
different	different	differing-digits	Software	CVE-2018-8136	CVE-2018-8897	a	edit-similarity	0.7692	
different	different	differing-digits	Software	CVE-2018-8141	CVE-2018-8897	a	edit-similarity	0.7692	
different	different	differing-digits	Software	CVE-2018-8170	CVE-2018-8897	a	edit-similarity	0.7692	
different	different	differing-digits	Software	CVE-2018-8174	CVE-2018-8897	a	edit-similarity	0.7692	
different	different	differing-digits	Software	CVE-2020-0601	CVE-2020-3111	a	edit-similarity	0.7692	
different	different	differing-digits	Software	CVE-2020-0601	CVE-2020-3191	a	edit-similarity	0.7692	
different	different	differing-digits	Software	CVE-2020-0601	CVE-2020-3741	a	edit-similarity	0.7692	
different	different	differing-digits	Software	CVE-2020-0601	CVE-2020-3760	a	edit-similarity	0.7692	
different	different	differing-digits	Software	CVE-2020-0609	CVE-2020-3119	a	edit-similarity	0.7692	
different	different	differing-digits	Software	CVE-2020-0609	CVE-2020-3179	a	edit-similarity	0.7692	
different	different	differing-digits	Software	CVE-2020-0609	CVE-2020-3189	a	edit-similarity	0.7692	
different	different	differing-digits	Software	CVE-2020-0609	CVE-2020-3259	a	edit-similarity	0.7692	
different	different	differing-digits	Software	CVE-2020-0609	CVE-2020-3759	a	edit-similarity	0.7692	
different	different	differing-digits	Software	CVE-2020-0609	CVE-2020-3760	a	edit-similarity	0.7692	
different	different	differing-digits	Software	CVE-2020-0610	CVE-2020-3111	a	edit-similarity	0.7692	
different	different	differing-digits	Software	CVE-2020-0610	CVE-2020-3118	a	edit-similarity	0.7692	
different	different	differing-digits	Software	CVE-2020-0610	CVE-2020-3119	a	edit-similarity	0.7692	
different	different	differing-digits	Software	CVE-2020-0610	CVE-2020-3120	a	edit-similarity	0.7692	
different	different	differing-digits	Software	CVE-2020-0610	CVE-2020-3760	a	edit-similarity	0.7692	
different	different	differing-digits	Software	CVE-2020-0611	CVE-2020-3110	a	edit-similarity	0.7692	
different	different	differing-digits	Software	CVE-2020-0611	CVE-2020-3118	a	edit-similarity	0.7692	
different	different	differing-digits	Software	CVE-2020-0611	CVE-2020-3119	a	edit-similarity	0.7692	
different	different	differing-digits	Software	CVE-2020-0611	CVE-2020-3191	a	edit-similarity	0.7692	
different	different	differing-digits	Software	CVE-2020-0611	CVE-2020-3741	a	edit-similarity	0.7692	
different	different	differing-digits	Software	CVE-2020-3110	CVE-2020-3254	a	edit-similarity	0.7692	
different	different	differing-digits	Software	CVE-2020-3110	CVE-2020-3255	a	edit-similarity	0.7692	
different	different	differing-digits	Software	CVE-2020-3110	CVE-2020-3259	a	edit-similarity	0.7692	
different	different	differing-digits	Software	CVE-2020-3110	CVE-2020-3283	a	edit-similarity	0.7692	
different	different	differing-digits	Software	CVE-2020-3110	CVE-2020-3298	a	edit-similarity	0.7692	
different	different	differing-digits	Software	CVE-2020-3110	CVE-2020-3741	a	edit-similarity	0.7692	
different	different	differing-digits	Software	CVE-2020-3110	CVE-2020-3757	a	edit-similarity	0.7692	
different	different	differing-digits	Software	CVE-2020-3110	CVE-2020-3759	a	edit-similarity	0.7692	
different	different	differing-digits	Software	CVE-2020-3111	CVE-2020-3254	a	edit-similarity	0.7692	
different	different	differing-digits	Software	CVE-2020-3111	CVE-2020-3255	a	edit-similarity	0.7692	
different	different	differing-digits	Software	CVE-2020-3111	CVE-2020-3259	a	edit-similarity	0.7692	
different	different	differing-digits	Software	CVE-2020-3111	CVE-2020-3283	a	edit-similarity	0.7692	
different	different	differing-digits	Software	CVE-2020-3111	CVE-2020-3298	a	edit-similarity	0.7692	
different	different	differing-digits	Software	CVE-2020-3111	CVE-2020-3757	a	edit-similarity	0.7692	
different	different	differing-digits	Software	CVE-2020-3111	CVE-2020-3759	a	edit-similarity	0.7692	
different	different	differing-digits	Software	CVE-2020-3111	CVE-2020-3760	a	edit-similarity	0.7692	
different	different	differing-digits	Software	CVE-2020-3118	CVE-2020-3254	a	edit-similarity	0.7692	
different	different	differing-digits	Software	CVE-2020-3118	CVE-2020-3255	a	edit-similarity	0.7692	
different	different	differing-digits	Software	CVE-2020-3118	CVE-2020-3259	a	edit-similarity	0.7692	
different	different	differing-digits	Software	CVE-2020-3118	CVE-2020-3283	a	edit-similarity	0.7692	
different	different	differing-digits	Software	CVE-2020-3118	CVE-2020-3741	a	edit-similarity	0.7692	
different	different	differing-digits	Software	CVE-2020-3118	CVE-2020-3757	a	edit-similarity	0.7692	
different	different	differing-digits	Software	CVE-2020-3118	CVE-2020-3759	a	edit-similarity	0.7692	
different	different	differing-digits	Software	CVE-2020-3118	CVE-2020-3760	a	edit-similarity	0.7692	
different	different	differing-digits	Software	CVE-2020-3118	CVE-2020-7048	a	edit-similarity	0.7692	
different	different	differing-digits	Software	CVE-2020-3119	CVE-2020-3254	a	edit-similarity	0.7692	
different	different	differing-digits	Software	CVE-2020-3119	CVE-2020-3255	a	edit-similarity	0.7692	
different	different	differing-digits	Software	CVE-2020-3119	CVE-2020-3283	a	edit-similarity	0.7692	
different	different	differing-digits	Software	CVE-2020-3119	CVE-2020-3298	a	edit-similarity	0.7692	
different	different	differing-digits	Software	CVE-2020-3119	CVE-2020-3741	a	edit-similarity	0.7692	
different	different	differing-digits	Software	CVE-2020-3119	CVE-2020-3757	a	edit-similarity	0.7692	
different	different	differing-digits	Software	CVE-2020-3119	CVE-2020-3760	a	edit-similarity	0.7692	
different	different	differing-digits	Software	CVE-2020-3120	CVE-2020-3254	a	edit-similarity	0.7692	
different	different	differing-digits	Software	CVE-2020-3120	CVE-2020-3255	a	edit-similarity	0.7692	
different	different	differing-digits	Software	CVE-2020-3120	CVE-2020-3259	a	edit-similarity	0.7692	
different	different	differing-digits	Software	CVE-2020-3120	CVE-2020-3283	a	edit-similarity	0.7692	
different	different	differing-digits	Software	CVE-2020-3120	CVE-2020-3298	a	edit-similarity	0.7692	
different	different	differing-digits	Software	CVE-2020-3120	CVE-2020-3741	a	edit-similarity	0.7692	
different	different	differing-digits	Software	CVE-2020-3120	CVE-2020-3757	a	edit-similarity	0.7692	
different	different	differing-digits	Software	CVE-2020-3120	CVE-2020-3759	a	edit-similarity	0.7692	
different	different	differing-digits	Software	CVE-2020-3125	CVE-2020-3283	a	edit-similarity	0.7692	
different	different	differing-digits	Software	CVE-2020-3125	CVE-2020-3298	a	edit-similarity	0.7692	
different	different	differing-digits	Software	CVE-2020-3125	CVE-2020-3741	a	edit-similarity	0.7692	
different	different	differing-digits	Software	CVE-2020-3125	CVE-2020-3757	a	edit-similarity	0.7692	
different	different	differing-digits	Software	CVE-2020-3125	CVE-2020-3759	a	edit-similarity	0.7692	
different	different	differing-digits	Software	CVE-2020-3125	CVE-2020-3760	a	edit-similarity	0.7692	
different	different	differing-digits	Software	CVE-2020-3179	CVE-2020-3254	a	edit-similarity	0.7692	
different	different	differing-digits	Software	CVE-2020-3179	CVE-2020-3255	a	edit-similarity	0.7692	
different	different	differing-digits	Software	CVE-2020-3179	CVE-2020-3283	a	edit-similarity	0.7692	
different	different	differing-digits	Software	CVE-2020-3179	CVE-2020-3298	a	edit-similarity	0.7692	
different	different	differing-digits	Software	CVE-2020-3179	CVE-2020-3741	a	edit-similarity	0.7692	
different	different	differing-digits	Software	CVE-2020-3179	CVE-2020-3757	a	edit-similarity	0.7692	
different	different	differing-digits	Software	CVE-2020-3179	CVE-2020-3760	a	edit-similarity	0.7692	
different	different	differing-digits	Software	CVE-2020-3187	CVE-2020-3254	a	edit-similarity	0.7692	
different	different	differing-digits	Software	CVE-2020-3187	CVE-2020-3255	a	edit-similarity	0.7692	
different	different	differing-digits	Software	CVE-2020-3187	CVE-2020-3259	a	edit-similarity	0.7692	
different	different	differing-digits	Software	CVE-2020-3187	CVE-2020-3298	a	edit-similarity	0.7692	
different	different	differing-digits	Software	CVE-2020-3187	CVE-2020-3741	a	edit-similarity	0.7692	
different	different	differing-digits	Software	CVE-2020-3187	CVE-2020-3759	a	edit-similarity	0.7692	
different	different	differing-digits	Software	CVE-2020-3187	CVE-2020-3760	a	edit-similarity	0.7692	
different	different	differing-digits	Software	CVE-2020-3187	CVE-2020-7047	a	edit-similarity	0.7692	
different	different	differing-digits	Software	CVE-2020-3189	CVE-2020-3254	a	edit-similarity	0.7692	
different	different	differing-digits	Software	CVE-2020-3189	CVE-2020-3255	a	edit-similarity	0.7692	
different	different	differing-digits	Software	CVE-2020-3189	CVE-2020-3298	a	edit-similarity	0.7692	
different	different	differing-digits	Software	CVE-2020-3189	CVE-2020-3741	a	edit-similarity	0.7692	
different	different	differing-digits	Software	CVE-2020-3189	CVE-2020-3757	a	edit-similarity	0.7692	
different	different	differing-digits	Software	CVE-2020-3189	CVE-2020-3760	a	edit-similarity	0.7692	
different	different	differing-digits	Software	CVE-2020-3191	CVE-2020-3254	a	edit-similarity	0.7692	
different	different	differing-digits	Software	CVE-2020-3191	CVE-2020-3255	a	edit-similarity	0.7692	
different	different	differing-digits	Software	CVE-2020-3191	CVE-2020-3259	a	edit-similarity	0.7692	
different	different	differing-digits	Software	CVE-2020-3191	CVE-2020-3283	a	edit-similarity	0.7692	
different	different	differing-digits	Software	CVE-2020-3191	CVE-2020-3757	a	edit-similarity	0.7692	
different	different	differing-digits	Software	CVE-2020-3191	CVE-2020-3759	a	edit-similarity	0.7692	
different	different	differing-digits	Software	CVE-2020-3191	CVE-2020-3760	a	edit-similarity	0.7692	
different	different	differing-digits	Software	CVE-2020-3195	CVE-2020-3254	a	edit-similarity	0.7692	
different	different	differing-digits	Software	CVE-2020-3195	CVE-2020-3259	a	edit-similarity	0.7692	
different	different	differing-digits	Software	CVE-2020-3195	CVE-2020-3283	a	edit-similarity	0.7692	
different	different	differing-digits	Software	CVE-2020-3195	CVE-2020-3741	a	edit-similarity	0.7692	
different	different	differing-digits	Software	CVE-2020-3195	CVE-2020-3757	a	edit-similarity	0.7692	
different	different	differing-digits	Software	CVE-2020-3195	CVE-2020-3759	a	edit-similarity	0.7692	
different	different	differing-digits	Software	CVE-2020-3195	CVE-2020-3760	a	edit-similarity	0.7692	
different	different	differing-digits	Software	CVE-2020-3196	CVE-2020-3254	a	edit-similarity	0.7692	
different	different	differing-digits	Software	CVE-2020-3196	CVE-2020-3255	a	edit-similarity	0.7692	
different	different	differing-digits	Software	CVE-2020-3196	CVE-2020-3259	a	edit-similarity	0.7692	
different	different	differing-digits	Software	CVE-2020-3196	CVE-2020-3283	a	edit-similarity	0.7692	
different	different	differing-digits	Software	CVE-2020-3196	CVE-2020-3741	a	edit-similarity	0.7692	
different	different	differing-digits	Software	CVE-2020-3196	CVE-2020-3757	a	edit-similarity	0.7692	
different	different	differing-digits	Software	CVE-2020-3196	CVE-2020-3759	a	edit-similarity	0.7692	
different	different	differing-digits	Software	CVE-2020-3196	CVE-2020-3760	a	edit-similarity	0.7692	
different	different	differing-digits	Software	CVE-2020-3254	CVE-2020-3741	a	edit-similarity	0.7692	
different	different	differing-digits	Software	CVE-2020-3254	CVE-2020-3760	a	edit-similarity	0.7692	
different	different	differing-digits	Software	CVE-2020-3255	CVE-2020-3741	a	edit-similarity	0.7692	
different	different	differing-digits	Software	CVE-2020-3255	CVE-2020-3760	a	edit-similarity	0.7692	
different	different	differing-digits	Software	CVE-2020-3259	CVE-2020-3741	a	edit-similarity	0.7692	
different	different	differing-digits	Software	CVE-2020-3259	CVE-2020-3760	a	edit-similarity	0.7692	
different	different	differing-digits	Software	CVE-2020-3283	CVE-2020-3741	a	edit-similarity	0.7692	
different	different	differing-digits	Software	CVE-2020-3283	CVE-2020-3757	a	edit-similarity	0.7692	
different	different	differing-digits	Software	CVE-2020-3283	CVE-2020-3759	a	edit-similarity	0.7692	
different	different	differing-digits	Software	CVE-2020-3283	CVE-2020-3760	a	edit-similarity	0.7692	
different	different	differing-digits	Software	CVE-2020-3298	CVE-2020-3741	a	edit-similarity	0.7692	
different	different	differing-digits	Software	CVE-2020-3298	CVE-2020-3757	a	edit-similarity	0.7692	
different	different	differing-digits	Software	CVE-2020-3298	CVE-2020-3759	a	edit-similarity	0.7692	
different	different	differing-digits	Software	CVE-2020-3298	CVE-2020-3760	a	edit-similarity	0.7692	
different	different	differing-digits	Software	CVE-2020-3298	CVE-2020-7048	a	edit-similarity	0.7692	
different	different	differing-digits	Software	CVE-2020-3741	CVE-2020-7047	a	edit-similarity	0.7692	
different	different	differing-digits	Software	CVE-2020-3741	CVE-2020-7048	a	edit-similarity	0.7692	
different	different	differing-digits	Software	CVE-2020-3757	CVE-2020-7047	a	edit-similarity	0.7692	
	review	none	Software	Icloud.exe	Iclouding.exe	a	edit-similarity	0.7692	
different	different	differing-digits	Software	Microsoft Windows 7 for 32-bit Systems SP1	Microsoft Windows Server 2008 for 32-bit Systems SP2	a	edit-similarity	0.7692	
	review	none	Software	MicroBackdoor	microbackdoor.dll	a	edit-similarity	0.7647	
different	different	differing-digits	Software	Microsoft Windows Server 2008 R2 for Itanium-based Systems SP1	Microsoft Windows Server 2008 for 32-bit Systems SP2	a	edit-similarity	0.7581	
	review	none	Software	BZIP	GZIP	a	edit-similarity	0.75	
	review	none	Software	CCleaner.exe	CCleaner.rar	a	edit-similarity	0.75	
	review	none	Software	CCleaner.exe	CCleaner.zip	a	edit-similarity	0.75	
	review	none	Software	CCleaner.rar	CCleaner.zip	a	edit-similarity	0.75	
	review	none	Software	Chromium Browser	Iridium Browser	a	edit-similarity	0.75	
	review	one-sided-digits	Software	Cobalt Strike Beacon	shellcode.x64 (Cobalt Strike Beacon)	a	edit-similarity	0.75	
	review	one-sided-digits	Software	Cobalt Strike Beacon	shellcode.x86 (Cobalt Strike Beacon)	a	edit-similarity	0.75	
	review	one-sided-digits	Software	LightRope	LightRope_v2	a	edit-similarity	0.75	
	review	none	Software	Microsoft Access	Microsoft Excel	a	edit-similarity	0.75	
	review	none	Software	RDP Wrapper	TCP Wrappers	a	edit-similarity	0.75	
same	same	decorated-identifier	Software	Windows Script Host	Windows Script Host (wscript.exe)	a	edit-similarity	0.75	
	review	none	Software	c.js	e.js	a	edit-similarity	0.75	
	review	none	Software	c.js	q.js	a	edit-similarity	0.75	
	review	none	Software	e.js	q.js	a	edit-similarity	0.75	
	review	none	Software	ssh.exe	sysm.exe	a	edit-similarity	0.75	
	review	none	Software	Диверсанти filercs.rar	Диверсанти file‮‮rar.scr	a	edit-similarity	0.75	
	review	none	Software	MSDriverLoader.exe	MSDriverMonitor.exe	a	edit-similarity	0.7368	
	review	none	Software	Base-Update.exe	baseupd.exe	a	edit-similarity	0.7333	
	review	none	Software	Iridium Browser	Orbitum Browser	a	edit-similarity	0.7333	
	review	none	Software	base_update.exe	baseupd.exe	a	edit-similarity	0.7333	
	review	one-sided-digits	Software	Browser.dll	Browser.ps1	a	edit-similarity	0.7273	
	review	none	Software	Browser.dll	browser.hta	a	edit-similarity	0.7273	
	review	one-sided-digits	Software	Browser.ps1	Browsers	a	edit-similarity	0.7273	
	review	one-sided-digits	Software	Browser.ps1	browser.hta	a	edit-similarity	0.7273	
	review	none	Software	Cisco IOS	Cisco NX-OS	a	edit-similarity	0.7273	
	review	one-sided-digits	Software	CredoMap	CredoMap_v2	a	edit-similarity	0.7273	
	review	none	Software	ISPManager	LiteManager	a	edit-similarity	0.7273	
	review	none	Software	SPECTR.Fs	SPECTR.Info	a	edit-similarity	0.7273	
	review	none	Software	WhisperGate	WhisperPack	a	edit-similarity	0.7273	
	review	none	Software	MSCommonDriver.exe	MSCommondll.exe	a	edit-similarity	0.7222	
	review	none	Software	SmartAssembly	SmartAssembly .NET	a	edit-similarity	0.7222	
	review	none	Software	BankBot	DANABOT	a	edit-similarity	0.7143	
different	different	differing-digits	Software	CVE-2017-0144	CVE-2017-11882	a	edit-similarity	0.7143	
different	different	differing-digits	Software	CVE-2017-0144	CVE-2021-40444	a	edit-similarity	0.7143	
different	different	differing-digits	Software	CVE-2017-0199	CVE-2017-11882	a	edit-similarity	0.7143	
different	different	differing-digits	Software	CVE-2017-0199	CVE-2017-14491	a	edit-similarity	0.7143	
different	different	differing-digits	Software	CVE-2017-0199	CVE-2017-17689	a	edit-similarity	0.7143	
different	different	differing-digits	Software	CVE-2017-0199	CVE-2022-30190	a	edit-similarity	0.7143	
different	different	differing-digits	Software	CVE-2017-11882	CVE-2017-14491	a	edit-similarity	0.7143	
different	different	differing-digits	Software	CVE-2017-11882	CVE-2018-8132	a	edit-similarity	0.7143	
different	different	differing-digits	Software	CVE-2017-14491	CVE-2017-17688	a	edit-similarity	0.7143	
different	different	differing-digits	Software	CVE-2017-14491	CVE-2017-17689	a	edit-similarity	0.7143	
different	different	differing-digits	Software	CVE-2017-14491	CVE-2017-8759	a	edit-similarity	0.7143	
different	different	differing-digits	Software	CVE-2017-14491	CVE-2018-8141	a	edit-similarity	0.7143	
different	different	differing-digits	Software	CVE-2017-17688	CVE-2017-8759	a	edit-similarity	0.7143	
different	different	differing-digits	Software	CVE-2017-17688	CVE-2018-6882	a	edit-similarity	0.7143	
different	different	differing-digits	Software	CVE-2017-17688	CVE-2018-7600	a	edit-similarity	0.7143	
different	different	differing-digits	Software	CVE-2017-17688	CVE-2018-7602	a	edit-similarity	0.7143	
different	different	differing-digits	Software	CVE-2017-17688	CVE-2019-0708	a	edit-similarity	0.7143	
different	different	differing-digits	Software	CVE-2017-17689	CVE-2018-13379	a	edit-similarity	0.7143	
different	different	differing-digits	Software	CVE-2017-17689	CVE-2018-7600	a	edit-similarity	0.7143	
different	different	differing-digits	Software	CVE-2017-17689	CVE-2018-7602	a	edit-similarity	0.7143	
different	different	differing-digits	Software	CVE-2017-17689	CVE-2019-0708	a	edit-similarity	0.7143	
different	different	differing-digits	Software	CVE-2018-13379	CVE-2018-8127	a	edit-similarity	0.7143	
different	different	differing-digits	Software	CVE-2018-13379	CVE-2018-8129	a	edit-similarity	0.7143	
different	different	differing-digits	Software	CVE-2018-13379	CVE-2018-8132	a	edit-similarity	0.7143	
different	different	differing-digits	Software	CVE-2018-13379	CVE-2018-8134	a	edit-similarity	0.7143	
different	different	differing-digits	Software	CVE-2018-13379	CVE-2018-8136	a	edit-similarity	0.7143	
different	different	differing-digits	Software	CVE-2018-13379	CVE-2018-8170	a	edit-similarity	0.7143	
different	different	differing-digits	Software	CVE-2018-13379	CVE-2018-8174	a	edit-similarity	0.7143	
different	different	differing-digits	Software	CVE-2018-13379	CVE-2018-8897	a	edit-similarity	0.7143	
different	different	differing-digits	Software	CVE-2018-13379	CVE-2020-3179	a	edit-similarity	0.7143	
different	different	differing-digits	Software	CVE-2018-20250	CVE-2018-7600	a	edit-similarity	0.7143	
different	different	differing-digits	Software	CVE-2018-20250	CVE-2018-7602	a	edit-similarity	0.7143	
different	different	differing-digits	Software	CVE-2018-20250	CVE-2018-8124	a	edit-similarity	0.7143	
different	different	differing-digits	Software	CVE-2018-20250	CVE-2018-8127	a	edit-similarity	0.7143	
different	different	differing-digits	Software	CVE-2018-20250	CVE-2018-8129	a	edit-similarity	0.7143	
different	different	differing-digits	Software	CVE-2018-20250	CVE-2018-8170	a	edit-similarity	0.7143	
different	different	differing-digits	Software	CVE-2018-20251	CVE-2018-7602	a	edit-similarity	0.7143	
different	different	differing-digits	Software	CVE-2018-20251	CVE-2018-8120	a	edit-similarity	0.7143	
different	different	differing-digits	Software	CVE-2018-20251	CVE-2018-8124	a	edit-similarity	0.7143	
different	different	differing-digits	Software	CVE-2018-20251	CVE-2018-8127	a	edit-similarity	0.7143	
different	different	differing-digits	Software	CVE-2018-20251	CVE-2018-8129	a	edit-similarity	0.7143	
different	different	differing-digits	Software	CVE-2018-20251	CVE-2018-8141	a	edit-similarity	0.7143	
different	different	differing-digits	Software	CVE-2018-20252	CVE-2018-6882	a	edit-similarity	0.7143	
different	different	differing-digits	Software	CVE-2018-20252	CVE-2018-7602	a	edit-similarity	0.7143	
different	different	differing-digits	Software	CVE-2018-20252	CVE-2018-8120	a	edit-similarity	0.7143	
different	different	differing-digits	Software	CVE-2018-20252	CVE-2018-8124	a	edit-similarity	0.7143	
different	different	differing-digits	Software	CVE-2018-20252	CVE-2018-8127	a	edit-similarity	0.7143	
different	different	differing-digits	Software	CVE-2018-20252	CVE-2018-8129	a	edit-similarity	0.7143	
different	different	differing-digits	Software	CVE-2018-20252	CVE-2018-8132	a	edit-similarity	0.7143	
different	different	differing-digits	Software	CVE-2018-20253	CVE-2018-7602	a	edit-similarity	0.7143	
different	different	differing-digits	Software	CVE-2018-20253	CVE-2018-8120	a	edit-similarity	0.7143	
different	different	differing-digits	Software	CVE-2018-20253	CVE-2018-8124	a	edit-similarity	0.7143	
different	different	differing-digits	Software	CVE-2018-20253	CVE-2018-8127	a	edit-similarity	0.7143	
different	different	differing-digits	Software	CVE-2018-20253	CVE-2018-8129	a	edit-similarity	0.7143	
different	different	differing-digits	Software	CVE-2018-7600	CVE-2019-17666	a	edit-similarity	0.7143	
different	different	differing-digits	Software	CVE-2018-7602	CVE-2019-17666	a	edit-similarity	0.7143	
different	different	differing-digits	Software	CVE-2018-8120	CVE-2021-31207	a	edit-similarity	0.7143	
different	different	differing-digits	Software	CVE-2018-8127	CVE-2021-31207	a	edit-similarity	0.7143	
different	different	differing-digits	Software	CVE-2018-8134	CVE-2022-23134	a	edit-similarity	0.7143	
different	different	differing-digits	Software	CVE-2019-0708	CVE-2019-17666	a	edit-similarity	0.7143	
different	different	differing-digits	Software	CVE-2020-0609	CVE-2020-12641	a	edit-similarity	0.7143	
different	different	differing-digits	Software	CVE-2020-0610	CVE-2020-12641	a	edit-similarity	0.7143	
different	different	differing-digits	Software	CVE-2020-0610	CVE-2020-35730	a	edit-similarity	0.7143	
different	different	differing-digits	Software	CVE-2020-0610	CVE-2022-30190	a	edit-similarity	0.7143	
different	different	differing-digits	Software	CVE-2020-0611	CVE-2022-23131	a	edit-similarity	0.7143	
different	different	differing-digits	Software	CVE-2020-12641	CVE-2020-3111	a	edit-similarity	0.7143	
different	different	differing-digits	Software	CVE-2020-12641	CVE-2020-3120	a	edit-similarity	0.7143	
different	different	differing-digits	Software	CVE-2020-12641	CVE-2020-3125	a	edit-similarity	0.7143	
different	different	differing-digits	Software	CVE-2020-12641	CVE-2020-3191	a	edit-similarity	0.7143	
different	different	differing-digits	Software	CVE-2020-12641	CVE-2020-3196	a	edit-similarity	0.7143	
different	different	differing-digits	Software	CVE-2020-12641	CVE-2020-3255	a	edit-similarity	0.7143	
different	different	differing-digits	Software	CVE-2020-12641	CVE-2020-3259	a	edit-similarity	0.7143	
different	different	differing-digits	Software	CVE-2020-12641	CVE-2020-3283	a	edit-similarity	0.7143	
different	different	differing-digits	Software	CVE-2020-12641	CVE-2020-3298	a	edit-similarity	0.7143	
different	different	differing-digits	Software	CVE-2020-12641	CVE-2020-3760	a	edit-similarity	0.7143	
different	different	differing-digits	Software	CVE-2020-12641	CVE-2020-7047	a	edit-similarity	0.7143	
different	different	differing-digits	Software	CVE-2020-12641	CVE-2020-7048	a	edit-similarity	0.7143	
different	different	differing-digits	Software	CVE-2020-3110	CVE-2022-21907	a	edit-similarity	0.7143	
different	different	differing-digits	Software	CVE-2020-3110	CVE-2022-23131	a	edit-similarity	0.7143	
different	different	differing-digits	Software	CVE-2020-3110	CVE-2022-23134	a	edit-similarity	0.7143	
different	different	differing-digits	Software	CVE-2020-3110	CVE-2023-43770	a	edit-similarity	0.7143	
different	different	differing-digits	Software	CVE-2020-3110	CVE-2024-38213	a	edit-similarity	0.7143	
different	different	differing-digits	Software	CVE-2020-3111	CVE-2020-35730	a	edit-similarity	0.7143	
different	different	differing-digits	Software	CVE-2020-3111	CVE-2021-31207	a	edit-similarity	0.7143	
different	different	differing-digits	Software	CVE-2020-3111	CVE-2022-23134	a	edit-similarity	0.7143	
different	different	differing-digits	Software	CVE-2020-3111	CVE-2022-30190	a	edit-similarity	0.7143	
different	different	differing-digits	Software	CVE-2020-3111	CVE-2023-38831	a	edit-similarity	0.7143	
different	different	differing-digits	Software	CVE-2020-3111	CVE-2024-38213	a	edit-similarity	0.7143	
different	different	differing-digits	Software	CVE-2020-3118	CVE-2020-35730	a	edit-similarity	0.7143	
different	different	differing-digits	Software	CVE-2020-3118	CVE-2021-31207	a	edit-similarity	0.7143	
different	different	differing-digits	Software	CVE-2020-3118	CVE-2021-32648	a	edit-similarity	0.7143	
different	different	differing-digits	Software	CVE-2020-3118	CVE-2022-23131	a	edit-similarity	0.7143	
different	different	differing-digits	Software	CVE-2020-3118	CVE-2022-23134	a	edit-similarity	0.7143	
different	different	differing-digits	Software	CVE-2020-3118	CVE-2022-30190	a	edit-similarity	0.7143	
different	different	differing-digits	Software	CVE-2020-3118	CVE-2024-38213	a	edit-similarity	0.7143	
different	different	differing-digits	Software	CVE-2020-3119	CVE-2020-35730	a	edit-similarity	0.7143	
different	different	differing-digits	Software	CVE-2020-3119	CVE-2021-31207	a	edit-similarity	0.7143	
different	different	differing-digits	Software	CVE-2020-3119	CVE-2022-23131	a	edit-similarity	0.7143	
different	different	differing-digits	Software	CVE-2020-3119	CVE-2022-23134	a	edit-similarity	0.7143	
different	different	differing-digits	Software	CVE-2020-3119	CVE-2024-38213	a	edit-similarity	0.7143	
different	different	differing-digits	Software	CVE-2020-3120	CVE-2021-34523	a	edit-similarity	0.7143	
different	different	differing-digits	Software	CVE-2020-3120	CVE-2022-21907	a	edit-similarity	0.7143	
different	different	differing-digits	Software	CVE-2020-3120	CVE-2022-23131	a	edit-similarity	0.7143	
different	different	differing-digits	Software	CVE-2020-3120	CVE-2022-23134	a	edit-similarity	0.7143	
different	different	differing-digits	Software	CVE-2020-3120	CVE-2023-43770	a	edit-similarity	0.7143	
different	different	differing-digits	Software	CVE-2020-3120	CVE-2024-38213	a	edit-similarity	0.7143	
different	different	differing-digits	Software	CVE-2020-3125	CVE-2020-35730	a	edit-similarity	0.7143	
different	different	differing-digits	Software	CVE-2020-3125	CVE-2021-34523	a	edit-similarity	0.7143	
different	different	differing-digits	Software	CVE-2020-3125	CVE-2022-23131	a	edit-similarity	0.7143	
different	different	differing-digits	Software	CVE-2020-3125	CVE-2022-23134	a	edit-similarity	0.7143	
different	different	differing-digits	Software	CVE-2020-3125	CVE-2022-30190	a	edit-similarity	0.7143	
different	different	differing-digits	Software	CVE-2020-3125	CVE-2024-38213	a	edit-similarity	0.7143	
different	different	differing-digits	Software	CVE-2020-3179	CVE-2021-31207	a	edit-similarity	0.7143	
different	different	differing-digits	Software	CVE-2020-3179	CVE-2021-34473	a	edit-similarity	0.7143	
different	different	differing-digits	Software	CVE-2020-3179	CVE-2022-23131	a	edit-similarity	0.7143	
different	different	differing-digits	Software	CVE-2020-3179	CVE-2022-23134	a	edit-similarity	0.7143	
different	different	differing-digits	Software	CVE-2020-3179	CVE-2022-30190	a	edit-similarity	0.7143	
different	different	differing-digits	Software	CVE-2020-3179	CVE-2023-43770	a	edit-similarity	0.7143	
different	different	differing-digits	Software	CVE-2020-3187	CVE-2020-35730	a	edit-similarity	0.7143	
different	different	differing-digits	Software	CVE-2020-3187	CVE-2021-26857	a	edit-similarity	0.7143	
different	different	differing-digits	Software	CVE-2020-3187	CVE-2021-34473	a	edit-similarity	0.7143	
different	different	differing-digits	Software	CVE-2020-3187	CVE-2022-21907	a	edit-similarity	0.7143	
different	different	differing-digits	Software	CVE-2020-3187	CVE-2022-23131	a	edit-similarity	0.7143	
different	different	differing-digits	Software	CVE-2020-3187	CVE-2022-23134	a	edit-similarity	0.7143	
different	different	differing-digits	Software	CVE-2020-3187	CVE-2022-30190	a	edit-similarity	0.7143	
different	different	differing-digits	Software	CVE-2020-3187	CVE-2023-38831	a	edit-similarity	0.7143	
different	different	differing-digits	Software	CVE-2020-3189	CVE-2020-35730	a	edit-similarity	0.7143	
different	different	differing-digits	Software	CVE-2020-3189	CVE-2021-31207	a	edit-similarity	0.7143	
different	different	differing-digits	Software	CVE-2020-3189	CVE-2022-23131	a	edit-similarity	0.7143	
different	different	differing-digits	Software	CVE-2020-3189	CVE-2022-23134	a	edit-similarity	0.7143	
different	different	differing-digits	Software	CVE-2020-3189	CVE-2022-30190	a	edit-similarity	0.7143	
different	different	differing-digits	Software	CVE-2020-3189	CVE-2023-38831	a	edit-similarity	0.7143	
different	different	differing-digits	Software	CVE-2020-3191	CVE-2020-35730	a	edit-similarity	0.7143	
different	different	differing-digits	Software	CVE-2020-3191	CVE-2021-31207	a	edit-similarity	0.7143	
different	different	differing-digits	Software	CVE-2020-3191	CVE-2022-21907	a	edit-similarity	0.7143	
different	different	differing-digits	Software	CVE-2020-3191	CVE-2022-23134	a	edit-similarity	0.7143	
different	different	differing-digits	Software	CVE-2020-3191	CVE-2023-38831	a	edit-similarity	0.7143	
different	different	differing-digits	Software	CVE-2020-3191	CVE-2024-23692	a	edit-similarity	0.7143	
different	different	differing-digits	Software	CVE-2020-3191	CVE-2024-38213	a	edit-similarity	0.7143	
different	different	differing-digits	Software	CVE-2020-3195	CVE-2020-35730	a	edit-similarity	0.7143	
different	different	differing-digits	Software	CVE-2020-3195	CVE-2021-31207	a	edit-similarity	0.7143	
different	different	differing-digits	Software	CVE-2020-3195	CVE-2022-21907	a	edit-similarity	0.7143	
different	different	differing-digits	Software	CVE-2020-3195	CVE-2022-23131	a	edit-similarity	0.7143	
different	different	differing-digits	Software	CVE-2020-3195	CVE-2022-23134	a	edit-similarity	0.7143	
different	different	differing-digits	Software	CVE-2020-3195	CVE-2024-23692	a	edit-similarity	0.7143	
different	different	differing-digits	Software	CVE-2020-3196	CVE-2020-35730	a	edit-similarity	0.7143	
different	different	differing-digits	Software	CVE-2020-3196	CVE-2021-31207	a	edit-similarity	0.7143	
different	different	differing-digits	Software	CVE-2020-3196	CVE-2022-21907	a	edit-similarity	0.7143	
different	different	differing-digits	Software	CVE-2020-3196	CVE-2022-23131	a	edit-similarity	0.7143	
different	different	differing-digits	Software	CVE-2020-3196	CVE-2022-23134	a	edit-similarity	0.7143	
different	different	differing-digits	Software	CVE-2020-3196	CVE-2024-23692	a	edit-similarity	0.7143	
different	different	differing-digits	Software	CVE-2020-3254	CVE-2020-35730	a	edit-similarity	0.7143	
different	different	differing-digits	Software	CVE-2020-3254	CVE-2021-31207	a	edit-similarity	0.7143	
different	different	differing-digits	Software	CVE-2020-3254	CVE-2021-34523	a	edit-similarity	0.7143	
different	different	differing-digits	Software	CVE-2020-3254	CVE-2022-23134	a	edit-similarity	0.7143	
different	different	differing-digits	Software	CVE-2020-3254	CVE-2024-38213	a	edit-similarity	0.7143	
different	different	differing-digits	Software	CVE-2020-3255	CVE-2020-35730	a	edit-similarity	0.7143	
different	different	differing-digits	Software	CVE-2020-3255	CVE-2021-26855	a	edit-similarity	0.7143	
different	different	differing-digits	Software	CVE-2020-3255	CVE-2021-31207	a	edit-similarity	0.7143	
different	different	differing-digits	Software	CVE-2020-3255	CVE-2021-32648	a	edit-similarity	0.7143	
different	different	differing-digits	Software	CVE-2020-3255	CVE-2021-34523	a	edit-similarity	0.7143	
different	different	differing-digits	Software	CVE-2020-3255	CVE-2024-38213	a	edit-similarity	0.7143	
different	different	differing-digits	Software	CVE-2020-3259	CVE-2020-35730	a	edit-similarity	0.7143	
different	different	differing-digits	Software	CVE-2020-3259	CVE-2021-31207	a	edit-similarity	0.7143	
different	different	differing-digits	Software	CVE-2020-3259	CVE-2021-32648	a	edit-similarity	0.7143	
different	different	differing-digits	Software	CVE-2020-3259	CVE-2021-34523	a	edit-similarity	0.7143	
different	different	differing-digits	Software	CVE-2020-3259	CVE-2022-30190	a	edit-similarity	0.7143	
different	different	differing-digits	Software	CVE-2020-3259	CVE-2024-38213	a	edit-similarity	0.7143	
different	different	differing-digits	Software	CVE-2020-3283	CVE-2021-31207	a	edit-similarity	0.7143	
different	different	differing-digits	Software	CVE-2020-3283	CVE-2021-32648	a	edit-similarity	0.7143	
different	different	differing-digits	Software	CVE-2020-3283	CVE-2021-34473	a	edit-similarity	0.7143	
different	different	differing-digits	Software	CVE-2020-3283	CVE-2021-34523	a	edit-similarity	0.7143	
different	different	differing-digits	Software	CVE-2020-3298	CVE-2020-35730	a	edit-similarity	0.7143	
different	different	differing-digits	Software	CVE-2020-3298	CVE-2021-31207	a	edit-similarity	0.7143	
different	different	differing-digits	Software	CVE-2020-3298	CVE-2021-44228	a	edit-similarity	0.7143	
different	different	differing-digits	Software	CVE-2020-3298	CVE-2022-30190	a	edit-similarity	0.7143	
different	different	differing-digits	Software	CVE-2020-3298	CVE-2024-23692	a	edit-similarity	0.7143	
different	different	differing-digits	Software	CVE-2020-3298	CVE-2024-38213	a	edit-similarity	0.7143	
different	different	differing-digits	Software	CVE-2020-35730	CVE-2021-34473	a	edit-similarity	0.7143	
different	different	differing-digits	Software	CVE-2020-35730	CVE-2021-34523	a	edit-similarity	0.7143	
different	different	differing-digits	Software	CVE-2020-35730	CVE-2022-30190	a	edit-similarity	0.7143	
different	different	differing-digits	Software	CVE-2020-35730	CVE-2023-38831	a	edit-similarity	0.7143	
different	different	differing-digits	Software	CVE-2020-35730	CVE-2023-43770	a	edit-similarity	0.7143	
different	different	differing-digits	Software	CVE-2020-3741	CVE-2021-32648	a	edit-similarity	0.7143	
different	different	differing-digits	Software	CVE-2020-3741	CVE-2021-34473	a	edit-similarity	0.7143	
different	different	differing-digits	Software	CVE-2020-3741	CVE-2022-23131	a	edit-similarity	0.7143	
different	different	differing-digits	Software	CVE-2020-3741	CVE-2023-38831	a	edit-similarity	0.7143	
different	different	differing-digits	Software	CVE-2020-3741	CVE-2023-43770	a	edit-similarity	0.7143	
different	different	differing-digits	Software	CVE-2020-3741	CVE-2024-38213	a	edit-similarity	0.7143	
different	different	differing-digits	Software	CVE-2020-3757	CVE-2021-26857	a	edit-similarity	0.7143	
different	different	differing-digits	Software	CVE-2020-3757	CVE-2021-31207	a	edit-similarity	0.7143	
different	different	differing-digits	Software	CVE-2020-3757	CVE-2021-34473	a	edit-similarity	0.7143	
different	different	differing-digits	Software	CVE-2020-3757	CVE-2021-34523	a	edit-similarity	0.7143	
different	different	differing-digits	Software	CVE-2020-3757	CVE-2023-43770	a	edit-similarity	0.7143	
different	different	differing-digits	Software	CVE-2020-3759	CVE-2021-34523	a	edit-similarity	0.7143	
different	different	differing-digits	Software	CVE-2020-3759	CVE-2022-30190	a	edit-similarity	0.7143	
different	different	differing-digits	Software	CVE-2020-3759	CVE-2023-43770	a	edit-similarity	0.7143	
different	different	differing-digits	Software	CVE-2020-3760	CVE-2021-27065	a	edit-similarity	0.7143	
different	different	differing-digits	Software	CVE-2020-3760	CVE-2021-31207	a	edit-similarity	0.7143	
different	different	differing-digits	Software	CVE-2020-3760	CVE-2021-32648	a	edit-similarity	0.7143	
different	different	differing-digits	Software	CVE-2020-3760	CVE-2022-30190	a	edit-similarity	0.7143	
different	different	differing-digits	Software	CVE-2020-7047	CVE-2021-27065	a	edit-similarity	0.7143	
different	different	differing-digits	Software	CVE-2020-7047	CVE-2021-34473	a	edit-similarity	0.7143	
different	different	differing-digits	Software	CVE-2020-7047	CVE-2021-40444	a	edit-similarity	0.7143	
different	different	differing-digits	Software	CVE-2020-7048	CVE-2021-27065	a	edit-similarity	0.7143	
different	different	differing-digits	Software	CVE-2020-7048	CVE-2021-32648	a	edit-similarity	0.7143	
different	different	differing-digits	Software	CVE-2020-7048	CVE-2021-40444	a	edit-similarity	0.7143	
different	different	differing-digits	Software	CVE-2021-26855	CVE-2021-32648	a	edit-similarity	0.7143	
different	different	differing-digits	Software	CVE-2021-26857	CVE-2021-27065	a	edit-similarity	0.7143	
different	different	differing-digits	Software	CVE-2021-26857	CVE-2021-31207	a	edit-similarity	0.7143	
different	different	differing-digits	Software	CVE-2021-26857	CVE-2021-32648	a	edit-similarity	0.7143	
different	different	differing-digits	Software	CVE-2021-26857	CVE-2022-21907	a	edit-similarity	0.7143	
different	different	differing-digits	Software	CVE-2021-26858	CVE-2021-27065	a	edit-similarity	0.7143	
different	different	differing-digits	Software	CVE-2021-26858	CVE-2021-44228	a	edit-similarity	0.7143	
different	different	differing-digits	Software	CVE-2021-27065	CVE-2021-44026	a	edit-similarity	0.7143	
different	different	differing-digits	Software	CVE-2021-31207	CVE-2021-32648	a	edit-similarity	0.7143	
different	different	differing-digits	Software	CVE-2021-31207	CVE-2021-34473	a	edit-similarity	0.7143	
different	different	differing-digits	Software	CVE-2021-31207	CVE-2021-34523	a	edit-similarity	0.7143	
different	different	differing-digits	Software	CVE-2021-31207	CVE-2021-44228	a	edit-similarity	0.7143	
different	different	differing-digits	Software	CVE-2021-31207	CVE-2022-30190	a	edit-similarity	0.7143	
different	different	differing-digits	Software	CVE-2021-31207	CVE-2024-38213	a	edit-similarity	0.7143	
different	different	differing-digits	Software	CVE-2021-32648	CVE-2021-34473	a	edit-similarity	0.7143	
different	different	differing-digits	Software	CVE-2021-32648	CVE-2021-34523	a	edit-similarity	0.7143	
different	different	differing-digits	Software	CVE-2021-32648	CVE-2021-40444	a	edit-similarity	0.7143	
different	different	differing-digits	Software	CVE-2021-32648	CVE-2021-44228	a	edit-similarity	0.7143	
different	different	differing-digits	Software	CVE-2021-34473	CVE-2021-40444	a	edit-similarity	0.7143	
different	different	differing-digits	Software	CVE-2021-34473	CVE-2021-44026	a	edit-similarity	0.7143	
different	different	differing-digits	Software	CVE-2021-34473	CVE-2021-44228	a	edit-similarity	0.7143	
different	different	differing-digits	Software	CVE-2021-34473	CVE-2024-38213	a	edit-similarity	0.7143	
different	different	differing-digits	Software	CVE-2021-34523	CVE-2024-38213	a	edit-similarity	0.7143	
different	different	differing-digits	Software	CVE-2021-40444	CVE-2021-44026	a	edit-similarity	0.7143	
different	different	differing-digits	Software	CVE-2021-40444	CVE-2021-44228	a	edit-similarity	0.7143	
different	different	differing-digits	Software	CVE-2021-44026	CVE-2022-24521	a	edit-similarity	0.7143	
different	different	differing-digits	Software	CVE-2021-44228	CVE-2022-24521	a	edit-similarity	0.7143	
different	different	differing-digits	Software	CVE-2022-21907	CVE-2022-23131	a	edit-similarity	0.7143	
different	different	differing-digits	Software	CVE-2022-21907	CVE-2022-23134	a	edit-similarity	0.7143	
different	different	differing-digits	Software	CVE-2022-21907	CVE-2022-24521	a	edit-similarity	0.7143	
different	different	differing-digits	Software	CVE-2022-23131	CVE-2022-30190	a	edit-similarity	0.7143	
different	different	differing-digits	Software	CVE-2022-23131	CVE-2023-38831	a	edit-similarity	0.7143	
different	different	differing-digits	Software	CVE-2022-23131	CVE-2024-23692	a	edit-similarity	0.7143	
different	different	differing-digits	Software	CVE-2022-23134	CVE-2022-24521	a	edit-similarity	0.7143	
different	different	differing-digits	Software	CVE-2022-23134	CVE-2022-30190	a	edit-similarity	0.7143	
different	different	differing-digits	Software	CVE-2022-23134	CVE-2024-23692	a	edit-similarity	0.7143	
different	different	differing-digits	Software	CVE-2023-38831	CVE-2024-38213	a	edit-similarity	0.7143	
	review	none	Software	CentBrowser	Chedot Browser	a	edit-similarity	0.7143	
	review	none	Software	Chedot Browser	CocCoc Browser	a	edit-similarity	0.7143	
	review	none	Software	Chedot Browser	Coowon Browser	a	edit-similarity	0.7143	
	review	none	Software	Citrio Browser	Liebao Browser	a	edit-similarity	0.7143	
	review	none	Software	CocCoc Browser	Torch Browser	a	edit-similarity	0.7143	
	review	none	Software	GAMMASTEEL	GammaSteel.NET	a	edit-similarity	0.7143	
	review	one-sided-digits	Software	GAMMASTEEL	GammaSteel.PS1	a	edit-similarity	0.7143	
	review	none	Software	HoaxApe	HoaxPen	a	edit-similarity	0.7143	
	review	none	Software	Liebao Browser	Opera Browser	a	edit-similarity	0.7143	
	review	none	Software	Microsoft Edge	Microsoft Word	a	edit-similarity	0.7143	
	review	none	Software	PowerShell	powershell.exe	a	edit-similarity	0.7143	
	review	none	Software	b.exe	vbc.exe	a	edit-similarity	0.7143	
	review	none	Software	smbexec	wmiexec	a	edit-similarity	0.7143	
	review	none	Software	spi.exe	ssh.exe	a	edit-similarity	0.7143	
	review	none	Software	Microsoft Windows	Microsoft Word	a	edit-similarity	0.7059	
different	different	differing-digits	Software	Акт_звiрки_вiд_18_липня_2023p.pdf.js	Видаткова_накладная_№121_вiд_18_липня_2023p.pdf.js	a	edit-similarity	0.7059	
	review	none	Software	Icloud.exe	icloud.cmd	a	edit-similarity	0.7	
	review	none	Software	JavaScript	VBScript	a	edit-similarity	0.7	
	review	one-sided-digits	Software	LOADERX3	loader.exe	a	edit-similarity	0.7	
	review	none	Software	Loader.dll	loader.exe	a	edit-similarity	0.7	
different	different	differing-digits	Software	Microsoft Exchange Server 2013	Microsoft Windows Server 2003	a	edit-similarity	0.7	
	review	one-sided-digits	Software	P0wnyShell	PowerShell	a	edit-similarity	0.7	
	review	one-sided-digits	Software	P0wnyShell	ProxyShell	a	edit-similarity	0.7	
	review	one-sided-digits	Software	Windows	Windows 10	a	edit-similarity	0.7	
	review	none	Software	mstsc.exe	wsuscr.exe	a	edit-similarity	0.7	
	review	one-sided-digits	Software	Диверсанти 21.03.rar	Диверсанти.rar	a	edit-similarity	0.7	
	review	none	Software	CVE-2021-26855	http-vuln-cve2021-26855.nse	a	identifier	0.4444	
