label	suggested	rule	source	category	left	right	stratum	mechanism	sim	canonical	evidence
	review	none	string	Country	Киргизька Республіка	Литовська Республіка	a	edit-similarity	0.75		
same	same	cross-script	both	Country	India	Індія	b	transliteration	0	India	
different	different	differing-digits	string	Device	MikroTik CCR 1016	MikroTik CCR 1036	a	edit-similarity	0.9412		
different	different	differing-digits	string	Device	Netgear WNR1000	Netgear WNR2000	a	edit-similarity	0.9333		
different	different	differing-digits	string	Device	Netgear R7000	Netgear R8000	a	edit-similarity	0.9231		
different	different	differing-digits	string	Device	MikroTik CCR 1016	MikroTik CCR 1072	a	edit-similarity	0.8824		
different	different	differing-digits	string	Device	MikroTik CCR 1036	MikroTik CCR 1072	a	edit-similarity	0.8824		
different	different	differing-digits	string	Device	Linksys E1200	Linksys E2500	a	edit-similarity	0.8462		
different	different	differing-digits	string	Device	Netgear R6400	Netgear R7000	a	edit-similarity	0.8462		
different	different	differing-digits	string	Device	Netgear R6400	Netgear R8000	a	edit-similarity	0.8462		
different	different	differing-digits	string	Device	Netgear R7000	Netgear WNR1000	a	edit-similarity	0.8		
different	different	differing-digits	string	Device	Netgear R7000	Netgear WNR2000	a	edit-similarity	0.8		
different	different	differing-digits	string	Device	Netgear R8000	Netgear WNR1000	a	edit-similarity	0.8		
different	different	differing-digits	string	Device	Netgear R8000	Netgear WNR2000	a	edit-similarity	0.8		
different	different	differing-digits	string	Device	Netgear DGN2200	Netgear WNR2000	a	edit-similarity	0.7333		
different	different	differing-digits	string	Device	Netgear R6400	Netgear WNR1000	a	edit-similarity	0.7333		
different	different	differing-digits	string	Device	Netgear R6400	Netgear WNR2000	a	edit-similarity	0.7333		
same	same	punctuation-only	both	Government Body	Держспецзв'язку	Держспецзв’язку	a	edit-similarity	1	Державна служба спеціального зв’язку та захисту інформації України	
	review	none	both	Government Body	Департамент кіберполіції Національної поліції України	Департаменту кіберполіції Національної поліції України	a	edit-similarity	0.9815	Департамент кіберполіції Національної поліції України	
	review	none	both	Government Body	Адміністрація Держспецзв'язку	Адміністрації Держспецзв’язку	a	edit-similarity	0.931	Адміністрація Держспецзв’язку	
same	same	decorated-identifier	both	Government Body	Національний банк України	Національний банк України (НБУ)	a	edit-similarity	0.8571	Національний банк України	
same	same	decorated-identifier	both	Government Body	Служба безпеки України	Служба безпеки України (СБУ)	a	edit-similarity	0.8571	Служба безпеки України	
	review	none	both	Government Body	Національний банк України	Національного банку України	a	edit-similarity	0.8519	Національний банк України	
	review	none	string	Government Body	Адміністрація Держспецзв'язку	Держспецзв'язку	a	edit-similarity	0.8		
	review	none	string	Government Body	Адміністрація Держспецзв'язку	Держспецзв’язку	a	edit-similarity	0.8		
	review	none	string	Government Body	Адміністрації Держспецзв’язку	Держспецзв'язку	a	edit-similarity	0.8		
	review	none	string	Government Body	Адміністрації Держспецзв’язку	Держспецзв’язку	a	edit-similarity	0.8		
	review	none	string	Government Body	ДЦКЗ Держспецзв'язку	Держспецзв'язку	a	edit-similarity	0.8		
	review	none	string	Government Body	ДЦКЗ Держспецзв'язку	Держспецзв’язку	a	edit-similarity	0.8		
	review	none	string	Government Body	Апарату Ради національної безпеки і оборони України	Рада національної безпеки та оборони України	a	edit-similarity	0.7843		
	review	none	both	Government Body	Державний центр кіберзахисту Держспецзв’язку	Державний центр кіберзахисту та протидії кіберзагрозам Держспецзв’язку	a	edit-similarity	0.7692	Державний центр кіберзахисту Держспецзв’язку	
	review	none	both	Government Body	Оперативний центр реагування на кіберінциденти Державного центру кіберзахисту Держспецзв’язку	Оперативний центр реагування на кіберінциденти та кібератаки (SOC) Державного центру кіберзахисту	a	edit-similarity	0.7619	Оперативний центр реагування на кіберінциденти (SOC) Державного центру кіберзахисту Держспецзв’язку	
	review	none	string	Government Body	Національний банк України (CSIRT-NBU)	Національний банк України (НБУ)	a	edit-similarity	0.7568		
	review	none	string	Government Body	ДСНС України	МОН України	a	edit-similarity	0.75		
	review	none	string	Government Body	ДСНС України	СБ України	a	edit-similarity	0.75		
	review	none	both	Government Body	Державний центр кіберзахисту	Державний центр кіберзахисту Держспецзв’язку	a	edit-similarity	0.75	Державний центр кіберзахисту Держспецзв’язку	
	review	none	string	Government Body	Міністерство оборони Киргизької Республіки	Міністерство оборони Республіки Вірменія	a	edit-similarity	0.75		
	review	none	string	Government Body	Міністерство оборони України	Міністерство юстиції України	a	edit-similarity	0.75		
same	same	decorated-identifier	string	Government Body	Національний банк України	Національний банк України (CSIRT-NBU)	a	edit-similarity	0.75		
	review	none	string	Government Body	Міністерство енергетики України	Міністерство оборони України	a	edit-similarity	0.7419		
	review	none	string	Government Body	МОН України	СБ України	a	edit-similarity	0.7273		
	review	none	both	Government Body	Національний координаційний центр кібербезпеки	Національний координаційний центр кібербезпеки РНБО України (НКЦК)	a	edit-similarity	0.7273	Національний координаційний центр кібербезпеки РНБО України	
	review	none	string	Government Body	ДСНС України	ССО ЗС України	a	edit-similarity	0.7143		
	review	none	string	Government Body	Міністерство енергетики України	Міністерство юстиції України	a	edit-similarity	0.7097		
same	same	punctuation-only	both	HackerGroup	@CyberArmyofRussia_Reborn	CyberArmyofRussia_Reborn	a	edit-similarity	1	CyberArmyofRussia_Reborn	
	review	registry-conflict	both	HackerGroup	APT28 (UAC-0028)	UAC-0028 (APT28)	a	identifier	1	APT28	
different	different	differing-digits	string	HackerGroup	UAC-0001	UAC-0002	a	edit-similarity	0.875		
different	different	differing-digits	string	HackerGroup	UAC-0001	UAC-0006	a	edit-similarity	0.875		
different	different	differing-digits	string	HackerGroup	UAC-0001	UAC-0007	a	edit-similarity	0.875		
different	different	differing-digits	string	HackerGroup	UAC-0001	UAC-0041	a	edit-similarity	0.875		
different	different	differing-digits	string	HackerGroup	UAC-0001	UAC-0101	a	edit-similarity	0.875		
	review	registry-conflict	both	HackerGroup	UAC-0001 (APT28)	UAC-0028 (APT28)	a	edit-similarity	0.875	APT28	
different	different	differing-digits	string	HackerGroup	UAC-0002	UAC-0006	a	edit-similarity	0.875		
different	different	differing-digits	string	HackerGroup	UAC-0002	UAC-0007	a	edit-similarity	0.875		
different	different	differing-digits	string	HackerGroup	UAC-0002	UAC-0082	a	edit-similarity	0.875		
different	different	differing-digits	string	HackerGroup	UAC-0002	UAC-0102	a	edit-similarity	0.875		
different	different	differing-digits	string	HackerGroup	UAC-0006	UAC-0007	a	edit-similarity	0.875		
different	different	differing-digits	string	HackerGroup	UAC-0006	UAC-0026	a	edit-similarity	0.875		
different	different	differing-digits	string	HackerGroup	UAC-0006	UAC-0056	a	edit-similarity	0.875		
different	different	differing-digits	string	HackerGroup	UAC-0006	UAC-0096	a	edit-similarity	0.875		
different	different	differing-digits	string	HackerGroup	UAC-0007	UAC-0027	a	edit-similarity	0.875		
different	different	differing-digits	string	HackerGroup	UAC-0007	UAC-0057	a	edit-similarity	0.875		
different	different	differing-digits	string	HackerGroup	UAC-0007	UAC-0097	a	edit-similarity	0.875		
different	different	differing-digits	string	HackerGroup	UAC-0010	UAC-0018	a	edit-similarity	0.875		
different	different	differing-digits	string	HackerGroup	UAC-0010	UAC-0050	a	edit-similarity	0.875		
different	different	differing-digits	string	HackerGroup	UAC-0010	UAC-0210	a	edit-similarity	0.875		
different	different	differing-digits	string	HackerGroup	UAC-0018	UAC-0028	a	edit-similarity	0.875		
different	different	differing-digits	string	HackerGroup	UAC-0018	UAC-0088	a	edit-similarity	0.875		
different	different	differing-digits	string	HackerGroup	UAC-0018	UAC-0098	a	edit-similarity	0.875		
different	different	differing-digits	string	HackerGroup	UAC-0018	UAC-0118	a	edit-similarity	0.875		
different	different	differing-digits	string	HackerGroup	UAC-0018	UAC-0218	a	edit-similarity	0.875		
different	different	differing-digits	string	HackerGroup	UAC-0026	UAC-0027	a	edit-similarity	0.875		
different	different	differing-digits	string	HackerGroup	UAC-0026	UAC-0028	a	edit-similarity	0.875		
different	different	differing-digits	string	HackerGroup	UAC-0026	UAC-0056	a	edit-similarity	0.875		
different	different	differing-digits	string	HackerGroup	UAC-0026	UAC-0096	a	edit-similarity	0.875		
different	different	differing-digits	string	HackerGroup	UAC-0027	UAC-0028	a	edit-similarity	0.875		
different	different	differing-digits	string	HackerGroup	UAC-0027	UAC-0057	a	edit-similarity	0.875		
different	different	differing-digits	string	HackerGroup	UAC-0027	UAC-0097	a	edit-similarity	0.875		
different	different	differing-digits	string	HackerGroup	UAC-0028	UAC-0088	a	edit-similarity	0.875		
different	different	differing-digits	string	HackerGroup	UAC-0028	UAC-0098	a	edit-similarity	0.875		
different	different	differing-digits	string	HackerGroup	UAC-0050	UAC-0056	a	edit-similarity	0.875		
different	different	differing-digits	string	HackerGroup	UAC-0050	UAC-0057	a	edit-similarity	0.875		
different	different	differing-digits	string	HackerGroup	UAC-0056	UAC-0057	a	edit-similarity	0.875		
different	different	differing-digits	string	HackerGroup	UAC-0056	UAC-0096	a	edit-similarity	0.875		
different	different	differing-digits	string	HackerGroup	UAC-0057	UAC-0097	a	edit-similarity	0.875		
different	different	differing-digits	string	HackerGroup	UAC-0082	UAC-0088	a	edit-similarity	0.875		
different	different	differing-digits	string	HackerGroup	UAC-0088	UAC-0098	a	edit-similarity	0.875		
different	different	differing-digits	string	HackerGroup	UAC-0088	UAC-0188	a	edit-similarity	0.875		
different	different	differing-digits	string	HackerGroup	UAC-0094	UAC-0096	a	edit-similarity	0.875		
different	different	differing-digits	string	HackerGroup	UAC-0094	UAC-0097	a	edit-similarity	0.875		
different	different	differing-digits	string	HackerGroup	UAC-0094	UAC-0098	a	edit-similarity	0.875		
different	different	differing-digits	string	HackerGroup	UAC-0094	UAC-0099	a	edit-similarity	0.875		
different	different	differing-digits	string	HackerGroup	UAC-0096	UAC-0097	a	edit-similarity	0.875		
different	different	differing-digits	string	HackerGroup	UAC-0096	UAC-0098	a	edit-similarity	0.875		
different	different	differing-digits	string	HackerGroup	UAC-0096	UAC-0099	a	edit-similarity	0.875		
different	different	differing-digits	string	HackerGroup	UAC-0097	UAC-0098	a	edit-similarity	0.875		
different	different	differing-digits	string	HackerGroup	UAC-0097	UAC-0099	a	edit-similarity	0.875		
different	different	differing-digits	string	HackerGroup	UAC-0098	UAC-0099	a	edit-similarity	0.875		
different	different	differing-digits	string	HackerGroup	UAC-0098	UAC-0198	a	edit-similarity	0.875		
different	different	differing-digits	string	HackerGroup	UAC-0101	UAC-0102	a	edit-similarity	0.875		
different	different	differing-digits	string	HackerGroup	UAC-0101	UAC-0104	a	edit-similarity	0.875		
different	different	differing-digits	string	HackerGroup	UAC-0102	UAC-0104	a	edit-similarity	0.875		
different	different	differing-digits	string	HackerGroup	UAC-0102	UAC-0132	a	edit-similarity	0.875		
different	different	differing-digits	string	HackerGroup	UAC-0102	UAC-0142	a	edit-similarity	0.875		
different	different	differing-digits	string	HackerGroup	UAC-0104	UAC-0114	a	edit-similarity	0.875		
different	different	differing-digits	string	HackerGroup	UAC-0104	UAC-0154	a	edit-similarity	0.875		
different	different	differing-digits	string	HackerGroup	UAC-0104	UAC-0184	a	edit-similarity	0.875		
different	different	differing-digits	string	HackerGroup	UAC-0113	UAC-0114	a	edit-similarity	0.875		
different	different	differing-digits	string	HackerGroup	UAC-0113	UAC-0118	a	edit-similarity	0.875		
different	different	differing-digits	string	HackerGroup	UAC-0113	UAC-0133	a	edit-similarity	0.875		
different	different	differing-digits	string	HackerGroup	UAC-0113	UAC-0173	a	edit-similarity	0.875		
different	different	differing-digits	string	HackerGroup	UAC-0114	UAC-0118	a	edit-similarity	0.875		
different	different	differing-digits	string	HackerGroup	UAC-0114	UAC-0154	a	edit-similarity	0.875		
different	different	differing-digits	string	HackerGroup	UAC-0114	UAC-0184	a	edit-similarity	0.875		
different	different	differing-digits	string	HackerGroup	UAC-0118	UAC-0168	a	edit-similarity	0.875		
different	different	differing-digits	string	HackerGroup	UAC-0118	UAC-0188	a	edit-similarity	0.875		
different	different	differing-digits	string	HackerGroup	UAC-0118	UAC-0198	a	edit-similarity	0.875		
different	different	differing-digits	string	HackerGroup	UAC-0118	UAC-0218	a	edit-similarity	0.875		
different	different	differing-digits	string	HackerGroup	UAC-0120	UAC-0125	a	edit-similarity	0.875		
different	different	differing-digits	string	HackerGroup	UAC-0120	UAC-0140	a	edit-similarity	0.875		
different	different	differing-digits	string	HackerGroup	UAC-0120	UAC-0170	a	edit-similarity	0.875		
different	different	differing-digits	string	HackerGroup	UAC-0120	UAC-0180	a	edit-similarity	0.875		
different	different	differing-digits	string	HackerGroup	UAC-0125	UAC-0145	a	edit-similarity	0.875		
different	different	differing-digits	string	HackerGroup	UAC-0125	UAC-0165	a	edit-similarity	0.875		
different	different	differing-digits	string	HackerGroup	UAC-0125	UAC-0195	a	edit-similarity	0.875		
different	different	differing-digits	string	HackerGroup	UAC-0132	UAC-0133	a	edit-similarity	0.875		
different	different	differing-digits	string	HackerGroup	UAC-0132	UAC-0142	a	edit-similarity	0.875		
different	different	differing-digits	string	HackerGroup	UAC-0133	UAC-0173	a	edit-similarity	0.875		
different	different	differing-digits	string	HackerGroup	UAC-0140	UAC-0142	a	edit-similarity	0.875		
different	different	differing-digits	string	HackerGroup	UAC-0140	UAC-0145	a	edit-similarity	0.875		
different	different	differing-digits	string	HackerGroup	UAC-0140	UAC-0149	a	edit-similarity	0.875		
different	different	differing-digits	string	HackerGroup	UAC-0140	UAC-0170	a	edit-similarity	0.875		
different	different	differing-digits	string	HackerGroup	UAC-0140	UAC-0180	a	edit-similarity	0.875		
different	different	differing-digits	string	HackerGroup	UAC-0142	UAC-0145	a	edit-similarity	0.875		
different	different	differing-digits	string	HackerGroup	UAC-0142	UAC-0149	a	edit-similarity	0.875		
different	different	differing-digits	string	HackerGroup	UAC-0145	UAC-0149	a	edit-similarity	0.875		
different	different	differing-digits	string	HackerGroup	UAC-0145	UAC-0165	a	edit-similarity	0.875		
different	different	differing-digits	string	HackerGroup	UAC-0145	UAC-0195	a	edit-similarity	0.875		
different	different	differing-digits	string	HackerGroup	UAC-0154	UAC-0184	a	edit-similarity	0.875		
different	different	differing-digits	string	HackerGroup	UAC-0165	UAC-0168	a	edit-similarity	0.875		
different	different	differing-digits	string	HackerGroup	UAC-0165	UAC-0195	a	edit-similarity	0.875		
different	different	differing-digits	string	HackerGroup	UAC-0168	UAC-0188	a	edit-similarity	0.875		
different	different	differing-digits	string	HackerGroup	UAC-0168	UAC-0198	a	edit-similarity	0.875		
different	different	differing-digits	string	HackerGroup	UAC-0170	UAC-0173	a	edit-similarity	0.875		
different	different	differing-digits	string	HackerGroup	UAC-0170	UAC-0177	a	edit-similarity	0.875		
different	different	differing-digits	string	HackerGroup	UAC-0170	UAC-0180	a	edit-similarity	0.875		
different	different	differing-digits	string	HackerGroup	UAC-0173	UAC-0177	a	edit-similarity	0.875		
different	different	differing-digits	string	HackerGroup	UAC-0180	UAC-0184	a	edit-similarity	0.875		
different	different	differing-digits	string	HackerGroup	UAC-0180	UAC-0188	a	edit-similarity	0.875		
different	different	differing-digits	string	HackerGroup	UAC-0184	UAC-0188	a	edit-similarity	0.875		
different	different	differing-digits	string	HackerGroup	UAC-0188	UAC-0198	a	edit-similarity	0.875		
different	different	differing-digits	string	HackerGroup	UAC-0195	UAC-0198	a	edit-similarity	0.875		
different	different	differing-digits	string	HackerGroup	UAC-0200	UAC-0210	a	edit-similarity	0.875		
different	different	differing-digits	string	HackerGroup	UAC-0210	UAC-0212	a	edit-similarity	0.875		
different	different	differing-digits	string	HackerGroup	UAC-0210	UAC-0215	a	edit-similarity	0.875		
different	different	differing-digits	string	HackerGroup	UAC-0210	UAC-0218	a	edit-similarity	0.875		
different	different	differing-digits	string	HackerGroup	UAC-0212	UAC-0215	a	edit-similarity	0.875		
different	different	differing-digits	string	HackerGroup	UAC-0212	UAC-0218	a	edit-similarity	0.875		
different	different	differing-digits	string	HackerGroup	UAC-0215	UAC-0218	a	edit-similarity	0.875		
	review	registry-conflict	both	HackerGroup	APT28 (UAC-0028)	UAC-0028	a	identifier	0.8	APT28	
different	different	differing-digits	string	HackerGroup	APT41	APT44	a	edit-similarity	0.8		
	review	registry-conflict	both	HackerGroup	UAC-0001	UAC-0001 (APT28)	a	identifier	0.8	APT28	
same	same	decorated-identifier	both	HackerGroup	UAC-0010	UAC-0010 (Armageddon)	a	identifier	0.8	Armageddon	
	review	registry-conflict	both	HackerGroup	UAC-0028	UAC-0028 (APT28)	a	identifier	0.8	APT28	
same	same	decorated-identifier	both	HackerGroup	UAC-0057	UAC-0057 (GhostWriter)	a	identifier	0.8	UNC1151	
different	different	differing-digits	string	HackerGroup	UAC-0001	UAC-0010	a	edit-similarity	0.75		
different	different	differing-digits	string	HackerGroup	UAC-0001	UAC-0018	a	edit-similarity	0.75		
different	different	differing-digits	string	HackerGroup	UAC-0001	UAC-0026	a	edit-similarity	0.75		
different	different	differing-digits	string	HackerGroup	UAC-0001	UAC-0027	a	edit-similarity	0.75		
	review	registry-conflict	both	HackerGroup	UAC-0001	UAC-0028	a	edit-similarity	0.75	APT28	
different	different	differing-digits	string	HackerGroup	UAC-0001	UAC-0050	a	edit-similarity	0.75		
different	different	differing-digits	string	HackerGroup	UAC-0001	UAC-0056	a	edit-similarity	0.75		
different	different	differing-digits	string	HackerGroup	UAC-0001	UAC-0057	a	edit-similarity	0.75		
different	different	differing-digits	string	HackerGroup	UAC-0001	UAC-0063	a	edit-similarity	0.75		
different	different	differing-digits	string	HackerGroup	UAC-0001	UAC-0082	a	edit-similarity	0.75		
different	different	differing-digits	string	HackerGroup	UAC-0001	UAC-0088	a	edit-similarity	0.75		
different	different	differing-digits	string	HackerGroup	UAC-0001	UAC-0094	a	edit-similarity	0.75		
different	different	differing-digits	string	HackerGroup	UAC-0001	UAC-0096	a	edit-similarity	0.75		
different	different	differing-digits	string	HackerGroup	UAC-0001	UAC-0097	a	edit-similarity	0.75		
different	different	differing-digits	string	HackerGroup	UAC-0001	UAC-0098	a	edit-similarity	0.75		
different	different	differing-digits	string	HackerGroup	UAC-0001	UAC-0099	a	edit-similarity	0.75		
different	different	differing-digits	string	HackerGroup	UAC-0001	UAC-0102	a	edit-similarity	0.75		
different	different	differing-digits	string	HackerGroup	UAC-0001	UAC-0104	a	edit-similarity	0.75		
different	different	differing-digits	string	HackerGroup	UAC-0001	UAC-0200	a	edit-similarity	0.75		
different	different	differing-digits	string	HackerGroup	UAC-0002	UAC-0010	a	edit-similarity	0.75		
different	different	differing-digits	string	HackerGroup	UAC-0002	UAC-0018	a	edit-similarity	0.75		
different	different	differing-digits	string	HackerGroup	UAC-0002	UAC-0026	a	edit-similarity	0.75		
different	different	differing-digits	string	HackerGroup	UAC-0002	UAC-0027	a	edit-similarity	0.75		
different	different	differing-digits	string	HackerGroup	UAC-0002	UAC-0028	a	edit-similarity	0.75		
different	different	differing-digits	string	HackerGroup	UAC-0002	UAC-0041	a	edit-similarity	0.75		
different	different	differing-digits	string	HackerGroup	UAC-0002	UAC-0050	a	edit-similarity	0.75		
different	different	differing-digits	string	HackerGroup	UAC-0002	UAC-0056	a	edit-similarity	0.75		
different	different	differing-digits	string	HackerGroup	UAC-0002	UAC-0057	a	edit-similarity	0.75		
different	different	differing-digits	string	HackerGroup	UAC-0002	UAC-0063	a	edit-similarity	0.75		
different	different	differing-digits	string	HackerGroup	UAC-0002	UAC-0088	a	edit-similarity	0.75		
different	different	differing-digits	string	HackerGroup	UAC-0002	UAC-0094	a	edit-similarity	0.75		
different	different	differing-digits	string	HackerGroup	UAC-0002	UAC-0096	a	edit-similarity	0.75		
different	different	differing-digits	string	HackerGroup	UAC-0002	UAC-0097	a	edit-similarity	0.75		
different	different	differing-digits	string	HackerGroup	UAC-0002	UAC-0098	a	edit-similarity	0.75		
different	different	differing-digits	string	HackerGroup	UAC-0002	UAC-0099	a	edit-similarity	0.75		
different	different	differing-digits	string	HackerGroup	UAC-0002	UAC-0101	a	edit-similarity	0.75		
different	different	differing-digits	string	HackerGroup	UAC-0002	UAC-0104	a	edit-similarity	0.75		
different	different	differing-digits	string	HackerGroup	UAC-0002	UAC-0132	a	edit-similarity	0.75		
different	different	differing-digits	string	HackerGroup	UAC-0002	UAC-0142	a	edit-similarity	0.75		
different	different	differing-digits	string	HackerGroup	UAC-0002	UAC-0200	a	edit-similarity	0.75		
different	different	differing-digits	string	HackerGroup	UAC-0002	UAC-0212	a	edit-similarity	0.75		
different	different	differing-digits	string	HackerGroup	UAC-0006	UAC-0010	a	edit-similarity	0.75		
different	different	differing-digits	string	HackerGroup	UAC-0006	UAC-0018	a	edit-similarity	0.75		
different	different	differing-digits	string	HackerGroup	UAC-0006	UAC-0027	a	edit-similarity	0.75		
different	different	differing-digits	string	HackerGroup	UAC-0006	UAC-0028	a	edit-similarity	0.75		
different	different	differing-digits	string	HackerGroup	UAC-0006	UAC-0041	a	edit-similarity	0.75		
different	different	differing-digits	string	HackerGroup	UAC-0006	UAC-0050	a	edit-similarity	0.75		
different	different	differing-digits	string	HackerGroup	UAC-0006	UAC-0057	a	edit-similarity	0.75		
different	different	differing-digits	string	HackerGroup	UAC-0006	UAC-0063	a	edit-similarity	0.75		
different	different	differing-digits	string	HackerGroup	UAC-0006	UAC-0082	a	edit-similarity	0.75		
different	different	differing-digits	string	HackerGroup	UAC-0006	UAC-0088	a	edit-similarity	0.75		
different	different	differing-digits	string	HackerGroup	UAC-0006	UAC-0094	a	edit-similarity	0.75		
different	different	differing-digits	string	HackerGroup	UAC-0006	UAC-0097	a	edit-similarity	0.75		
different	different	differing-digits	string	HackerGroup	UAC-0006	UAC-0098	a	edit-similarity	0.75		
different	different	differing-digits	string	HackerGroup	UAC-0006	UAC-0099	a	edit-similarity	0.75		
different	different	differing-digits	string	HackerGroup	UAC-0006	UAC-0101	a	edit-similarity	0.75		
different	different	differing-digits	string	HackerGroup	UAC-0006	UAC-0102	a	edit-similarity	0.75		
different	different	differing-digits	string	HackerGroup	UAC-0006	UAC-0104	a	edit-similarity	0.75		
different	different	differing-digits	string	HackerGroup	UAC-0006	UAC-0200	a	edit-similarity	0.75		
different	different	differing-digits	string	HackerGroup	UAC-0007	UAC-0010	a	edit-similarity	0.75		
different	different	differing-digits	string	HackerGroup	UAC-0007	UAC-0018	a	edit-similarity	0.75		
different	different	differing-digits	string	HackerGroup	UAC-0007	UAC-0026	a	edit-similarity	0.75		
different	different	differing-digits	string	HackerGroup	UAC-0007	UAC-0028	a	edit-similarity	0.75		
different	different	differing-digits	string	HackerGroup	UAC-0007	UAC-0041	a	edit-similarity	0.75		
different	different	differing-digits	string	HackerGroup	UAC-0007	UAC-0050	a	edit-similarity	0.75		
different	different	differing-digits	string	HackerGroup	UAC-0007	UAC-0056	a	edit-similarity	0.75		
different	different	differing-digits	string	HackerGroup	UAC-0007	UAC-0063	a	edit-similarity	0.75		
different	different	differing-digits	string	HackerGroup	UAC-0007	UAC-0082	a	edit-similarity	0.75		
different	different	differing-digits	string	HackerGroup	UAC-0007	UAC-0088	a	edit-similarity	0.75		
different	different	differing-digits	string	HackerGroup	UAC-0007	UAC-0094	a	edit-similarity	0.75		
different	different	differing-digits	string	HackerGroup	UAC-0007	UAC-0096	a	edit-similarity	0.75		
different	different	differing-digits	string	HackerGroup	UAC-0007	UAC-0098	a	edit-similarity	0.75		
different	different	differing-digits	string	HackerGroup	UAC-0007	UAC-0099	a	edit-similarity	0.75		
different	different	differing-digits	string	HackerGroup	UAC-0007	UAC-0101	a	edit-similarity	0.75		
different	different	differing-digits	string	HackerGroup	UAC-0007	UAC-0102	a	edit-similarity	0.75		
different	different	differing-digits	string	HackerGroup	UAC-0007	UAC-0104	a	edit-similarity	0.75		
different	different	differing-digits	string	HackerGroup	UAC-0007	UAC-0177	a	edit-similarity	0.75		
different	different	differing-digits	string	HackerGroup	UAC-0007	UAC-0200	a	edit-similarity	0.75		
different	different	differing-digits	string	HackerGroup	UAC-0010	UAC-0026	a	edit-similarity	0.75		
different	different	differing-digits	string	HackerGroup	UAC-0010	UAC-0027	a	edit-similarity	0.75		
different	different	differing-digits	string	HackerGroup	UAC-0010	UAC-0028	a	edit-similarity	0.75		
different	different	differing-digits	string	HackerGroup	UAC-0010	UAC-0041	a	edit-similarity	0.75		
different	different	differing-digits	string	HackerGroup	UAC-0010	UAC-0056	a	edit-similarity	0.75		
different	different	differing-digits	string	HackerGroup	UAC-0010	UAC-0057	a	edit-similarity	0.75		
different	different	differing-digits	string	HackerGroup	UAC-0010	UAC-0063	a	edit-similarity	0.75		
different	different	differing-digits	string	HackerGroup	UAC-0010	UAC-0082	a	edit-similarity	0.75		
different	different	differing-digits	string	HackerGroup	UAC-0010	UAC-0088	a	edit-similarity	0.75		
different	different	differing-digits	string	HackerGroup	UAC-0010	UAC-0094	a	edit-similarity	0.75		
different	different	differing-digits	string	HackerGroup	UAC-0010	UAC-0096	a	edit-similarity	0.75		
different	different	differing-digits	string	HackerGroup	UAC-0010	UAC-0097	a	edit-similarity	0.75		
different	different	differing-digits	string	HackerGroup	UAC-0010	UAC-0098	a	edit-similarity	0.75		
different	different	differing-digits	string	HackerGroup	UAC-0010	UAC-0099	a	edit-similarity	0.75		
different	different	differing-digits	string	HackerGroup	UAC-0010	UAC-0101	a	edit-similarity	0.75		
different	different	differing-digits	string	HackerGroup	UAC-0010	UAC-0102	a	edit-similarity	0.75		
different	different	differing-digits	string	HackerGroup	UAC-0010	UAC-0104	a	edit-similarity	0.75		
different	different	differing-digits	string	HackerGroup	UAC-0010	UAC-0113	a	edit-similarity	0.75		
different	different	differing-digits	string	HackerGroup	UAC-0010	UAC-0114	a	edit-similarity	0.75		
different	different	differing-digits	string	HackerGroup	UAC-0010	UAC-0118	a	edit-similarity	0.75		
different	different	differing-digits	string	HackerGroup	UAC-0010	UAC-0120	a	edit-similarity	0.75		
different	different	differing-digits	string	HackerGroup	UAC-0010	UAC-0140	a	edit-similarity	0.75		
different	different	differing-digits	string	HackerGroup	UAC-0010	UAC-0170	a	edit-similarity	0.75		
different	different	differing-digits	string	HackerGroup	UAC-0010	UAC-0180	a	edit-similarity	0.75		
different	different	differing-digits	string	HackerGroup	UAC-0010	UAC-0200	a	edit-similarity	0.75		
different	different	differing-digits	string	HackerGroup	UAC-0010	UAC-0212	a	edit-similarity	0.75		
different	different	differing-digits	string	HackerGroup	UAC-0010	UAC-0215	a	edit-similarity	0.75		
different	different	differing-digits	string	HackerGroup	UAC-0010	UAC-0218	a	edit-similarity	0.75		
different	different	differing-digits	string	HackerGroup	UAC-0018	UAC-0026	a	edit-similarity	0.75		
different	different	differing-digits	string	HackerGroup	UAC-0018	UAC-0027	a	edit-similarity	0.75		
different	different	differing-digits	string	HackerGroup	UAC-0018	UAC-0041	a	edit-similarity	0.75		
different	different	differing-digits	string	HackerGroup	UAC-0018	UAC-0050	a	edit-similarity	0.75		
different	different	differing-digits	string	HackerGroup	UAC-0018	UAC-0056	a	edit-similarity	0.75		
different	different	differing-digits	string	HackerGroup	UAC-0018	UAC-0057	a	edit-similarity	0.75		
different	different	differing-digits	string	HackerGroup	UAC-0018	UAC-0063	a	edit-similarity	0.75		
different	different	differing-digits	string	HackerGroup	UAC-0018	UAC-0082	a	edit-similarity	0.75		
different	different	differing-digits	string	HackerGroup	UAC-0018	UAC-0094	a	edit-similarity	0.75		
different	different	differing-digits	string	HackerGroup	UAC-0018	UAC-0096	a	edit-similarity	0.75		
different	different	differing-digits	string	HackerGroup	UAC-0018	UAC-0097	a	edit-similarity	0.75		
different	different	differing-digits	string	HackerGroup	UAC-0018	UAC-0099	a	edit-similarity	0.75		
different	different	differing-digits	string	HackerGroup	UAC-0018	UAC-0101	a	edit-similarity	0.75		
different	different	differing-digits	string	HackerGroup	UAC-0018	UAC-0113	a	edit-similarity	0.75		
different	different	differing-digits	string	HackerGroup	UAC-0018	UAC-0114	a	edit-similarity	0.75		
different	different	differing-digits	string	HackerGroup	UAC-0018	UAC-0168	a	edit-similarity	0.75		
different	different	differing-digits	string	HackerGroup	UAC-0018	UAC-0180	a	edit-similarity	0.75		
different	different	differing-digits	string	HackerGroup	UAC-0018	UAC-0184	a	edit-similarity	0.75		
different	different	differing-digits	string	HackerGroup	UAC-0018	UAC-0188	a	edit-similarity	0.75		
different	different	differing-digits	string	HackerGroup	UAC-0018	UAC-0198	a	edit-similarity	0.75		
different	different	differing-digits	string	HackerGroup	UAC-0018	UAC-0210	a	edit-similarity	0.75		
different	different	differing-digits	string	HackerGroup	UAC-0018	UAC-0212	a	edit-similarity	0.75		
different	different	differing-digits	string	HackerGroup	UAC-0018	UAC-0215	a	edit-similarity	0.75		
different	different	differing-digits	string	HackerGroup	UAC-0026	UAC-0041	a	edit-similarity	0.75		
different	different	differing-digits	string	HackerGroup	UAC-0026	UAC-0050	a	edit-similarity	0.75		
different	different	differing-digits	string	HackerGroup	UAC-0026	UAC-0057	a	edit-similarity	0.75		
different	different	differing-digits	string	HackerGroup	UAC-0026	UAC-0063	a	edit-similarity	0.75		
different	different	differing-digits	string	HackerGroup	UAC-0026	UAC-0082	a	edit-similarity	0.75		
different	different	differing-digits	string	HackerGroup	UAC-0026	UAC-0088	a	edit-similarity	0.75		
different	different	differing-digits	string	HackerGroup	UAC-0026	UAC-0094	a	edit-similarity	0.75		
different	different	differing-digits	string	HackerGroup	UAC-0026	UAC-0097	a	edit-similarity	0.75		
different	different	differing-digits	string	HackerGroup	UAC-0026	UAC-0098	a	edit-similarity	0.75		
different	different	differing-digits	string	HackerGroup	UAC-0026	UAC-0099	a	edit-similarity	0.75		
different	different	differing-digits	string	HackerGroup	UAC-0026	UAC-0102	a	edit-similarity	0.75		
different	different	differing-digits	string	HackerGroup	UAC-0026	UAC-0120	a	edit-similarity	0.75		
different	different	differing-digits	string	HackerGroup	UAC-0026	UAC-0125	a	edit-similarity	0.75		
different	different	differing-digits	string	HackerGroup	UAC-0027	UAC-0041	a	edit-similarity	0.75		
different	different	differing-digits	string	HackerGroup	UAC-0027	UAC-0050	a	edit-similarity	0.75		
different	different	differing-digits	string	HackerGroup	UAC-0027	UAC-0056	a	edit-similarity	0.75		
different	different	differing-digits	string	HackerGroup	UAC-0027	UAC-0063	a	edit-similarity	0.75		
different	different	differing-digits	string	HackerGroup	UAC-0027	UAC-0082	a	edit-similarity	0.75		
different	different	differing-digits	string	HackerGroup	UAC-0027	UAC-0088	a	edit-similarity	0.75		
different	different	differing-digits	string	HackerGroup	UAC-0027	UAC-0094	a	edit-similarity	0.75		
different	different	differing-digits	string	HackerGroup	UAC-0027	UAC-0096	a	edit-similarity	0.75		
different	different	differing-digits	string	HackerGroup	UAC-0027	UAC-0098	a	edit-similarity	0.75		
different	different	differing-digits	string	HackerGroup	UAC-0027	UAC-0099	a	edit-similarity	0.75		
different	different	differing-digits	string	HackerGroup	UAC-0027	UAC-0102	a	edit-similarity	0.75		
different	different	differing-digits	string	HackerGroup	UAC-0027	UAC-0120	a	edit-similarity	0.75		
different	different	differing-digits	string	HackerGroup	UAC-0027	UAC-0125	a	edit-similarity	0.75		
different	different	differing-digits	string	HackerGroup	UAC-0027	UAC-0177	a	edit-similarity	0.75		
different	different	differing-digits	string	HackerGroup	UAC-0028	UAC-0041	a	edit-similarity	0.75		
different	different	differing-digits	string	HackerGroup	UAC-0028	UAC-0050	a	edit-similarity	0.75		
different	different	differing-digits	string	HackerGroup	UAC-0028	UAC-0056	a	edit-similarity	0.75		
different	different	differing-digits	string	HackerGroup	UAC-0028	UAC-0057	a	edit-similarity	0.75		
different	different	differing-digits	string	HackerGroup	UAC-0028	UAC-0063	a	edit-similarity	0.75		
different	different	differing-digits	string	HackerGroup	UAC-0028	UAC-0082	a	edit-similarity	0.75		
different	different	differing-digits	string	HackerGroup	UAC-0028	UAC-0094	a	edit-similarity	0.75		
different	different	differing-digits	string	HackerGroup	UAC-0028	UAC-0096	a	edit-similarity	0.75		
different	different	differing-digits	string	HackerGroup	UAC-0028	UAC-0097	a	edit-similarity	0.75		
different	different	differing-digits	string	HackerGroup	UAC-0028	UAC-0099	a	edit-similarity	0.75		
different	different	differing-digits	string	HackerGroup	UAC-0028	UAC-0102	a	edit-similarity	0.75		
different	different	differing-digits	string	HackerGroup	UAC-0028	UAC-0118	a	edit-similarity	0.75		
different	different	differing-digits	string	HackerGroup	UAC-0028	UAC-0120	a	edit-similarity	0.75		
different	different	differing-digits	string	HackerGroup	UAC-0028	UAC-0125	a	edit-similarity	0.75		
different	different	differing-digits	string	HackerGroup	UAC-0028	UAC-0168	a	edit-similarity	0.75		
different	different	differing-digits	string	HackerGroup	UAC-0028	UAC-0188	a	edit-similarity	0.75		
different	different	differing-digits	string	HackerGroup	UAC-0028	UAC-0198	a	edit-similarity	0.75		
different	different	differing-digits	string	HackerGroup	UAC-0028	UAC-0218	a	edit-similarity	0.75		
different	different	differing-digits	string	HackerGroup	UAC-0041	UAC-0050	a	edit-similarity	0.75		
different	different	differing-digits	string	HackerGroup	UAC-0041	UAC-0056	a	edit-similarity	0.75		
different	different	differing-digits	string	HackerGroup	UAC-0041	UAC-0057	a	edit-similarity	0.75		
different	different	differing-digits	string	HackerGroup	UAC-0041	UAC-0063	a	edit-similarity	0.75		
different	different	differing-digits	string	HackerGroup	UAC-0041	UAC-0082	a	edit-similarity	0.75		
different	different	differing-digits	string	HackerGroup	UAC-0041	UAC-0088	a	edit-similarity	0.75		
different	different	differing-digits	string	HackerGroup	UAC-0041	UAC-0094	a	edit-similarity	0.75		
different	different	differing-digits	string	HackerGroup	UAC-0041	UAC-0096	a	edit-similarity	0.75		
different	different	differing-digits	string	HackerGroup	UAC-0041	UAC-0097	a	edit-similarity	0.75		
different	different	differing-digits	string	HackerGroup	UAC-0041	UAC-0098	a	edit-similarity	0.75		
different	different	differing-digits	string	HackerGroup	UAC-0041	UAC-0099	a	edit-similarity	0.75		
different	different	differing-digits	string	HackerGroup	UAC-0041	UAC-0101	a	edit-similarity	0.75		
different	different	differing-digits	string	HackerGroup	UAC-0041	UAC-0104	a	edit-similarity	0.75		
different	different	differing-digits	string	HackerGroup	UAC-0041	UAC-0140	a	edit-similarity	0.75		
different	different	differing-digits	string	HackerGroup	UAC-0041	UAC-0142	a	edit-similarity	0.75		
different	different	differing-digits	string	HackerGroup	UAC-0041	UAC-0145	a	edit-similarity	0.75		
different	different	differing-digits	string	HackerGroup	UAC-0041	UAC-0149	a	edit-similarity	0.75		
different	different	differing-digits	string	HackerGroup	UAC-0050	UAC-0063	a	edit-similarity	0.75		
different	different	differing-digits	string	HackerGroup	UAC-0050	UAC-0082	a	edit-similarity	0.75		
different	different	differing-digits	string	HackerGroup	UAC-0050	UAC-0088	a	edit-similarity	0.75		
different	different	differing-digits	string	HackerGroup	UAC-0050	UAC-0094	a	edit-similarity	0.75		
different	different	differing-digits	string	HackerGroup	UAC-0050	UAC-0096	a	edit-similarity	0.75		
different	different	differing-digits	string	HackerGroup	UAC-0050	UAC-0097	a	edit-similarity	0.75		
different	different	differing-digits	string	HackerGroup	UAC-0050	UAC-0098	a	edit-similarity	0.75		
different	different	differing-digits	string	HackerGroup	UAC-0050	UAC-0099	a	edit-similarity	0.75		
different	different	differing-digits	string	HackerGroup	UAC-0050	UAC-0120	a	edit-similarity	0.75		
different	different	differing-digits	string	HackerGroup	UAC-0050	UAC-0140	a	edit-similarity	0.75		
different	different	differing-digits	string	HackerGroup	UAC-0050	UAC-0154	a	edit-similarity	0.75		
different	different	differing-digits	string	HackerGroup	UAC-0050	UAC-0170	a	edit-similarity	0.75		
different	different	differing-digits	string	HackerGroup	UAC-0050	UAC-0180	a	edit-similarity	0.75		
different	different	differing-digits	string	HackerGroup	UAC-0050	UAC-0200	a	edit-similarity	0.75		
different	different	differing-digits	string	HackerGroup	UAC-0050	UAC-0210	a	edit-similarity	0.75		
different	different	differing-digits	string	HackerGroup	UAC-0056	UAC-0063	a	edit-similarity	0.75		
different	different	differing-digits	string	HackerGroup	UAC-0056	UAC-0082	a	edit-similarity	0.75		
different	different	differing-digits	string	HackerGroup	UAC-0056	UAC-0088	a	edit-similarity	0.75		
different	different	differing-digits	string	HackerGroup	UAC-0056	UAC-0094	a	edit-similarity	0.75		
different	different	differing-digits	string	HackerGroup	UAC-0056	UAC-0097	a	edit-similarity	0.75		
different	different	differing-digits	string	HackerGroup	UAC-0056	UAC-0098	a	edit-similarity	0.75		
different	different	differing-digits	string	HackerGroup	UAC-0056	UAC-0099	a	edit-similarity	0.75		
different	different	differing-digits	string	HackerGroup	UAC-0056	UAC-0154	a	edit-similarity	0.75		
different	different	differing-digits	string	HackerGroup	UAC-0057	UAC-0063	a	edit-similarity	0.75		
different	different	differing-digits	string	HackerGroup	UAC-0057	UAC-0082	a	edit-similarity	0.75		
different	different	differing-digits	string	HackerGroup	UAC-0057	UAC-0088	a	edit-similarity	0.75		
different	different	differing-digits	string	HackerGroup	UAC-0057	UAC-0094	a	edit-similarity	0.75		
different	different	differing-digits	string	HackerGroup	UAC-0057	UAC-0096	a	edit-similarity	0.75		
different	different	differing-digits	string	HackerGroup	UAC-0057	UAC-0098	a	edit-similarity	0.75		
different	different	differing-digits	string	HackerGroup	UAC-0057	UAC-0099	a	edit-similarity	0.75		
different	different	differing-digits	string	HackerGroup	UAC-0057	UAC-0154	a	edit-similarity	0.75		
different	different	differing-digits	string	HackerGroup	UAC-0057	UAC-0177	a	edit-similarity	0.75		
different	different	differing-digits	string	HackerGroup	UAC-0063	UAC-0082	a	edit-similarity	0.75		
different	different	differing-digits	string	HackerGroup	UAC-0063	UAC-0088	a	edit-similarity	0.75		
different	different	differing-digits	string	HackerGroup	UAC-0063	UAC-0094	a	edit-similarity	0.75		
different	different	differing-digits	string	HackerGroup	UAC-0063	UAC-0096	a	edit-similarity	0.75		
different	different	differing-digits	string	HackerGroup	UAC-0063	UAC-0097	a	edit-similarity	0.75		
different	different	differing-digits	string	HackerGroup	UAC-0063	UAC-0098	a	edit-similarity	0.75		
different	different	differing-digits	string	HackerGroup	UAC-0063	UAC-0099	a	edit-similarity	0.75		
different	different	differing-digits	string	HackerGroup	UAC-0063	UAC-0113	a	edit-similarity	0.75		
different	different	differing-digits	string	HackerGroup	UAC-0063	UAC-0133	a	edit-similarity	0.75		
different	different	differing-digits	string	HackerGroup	UAC-0063	UAC-0165	a	edit-similarity	0.75		
different	different	differing-digits	string	HackerGroup	UAC-0063	UAC-0168	a	edit-similarity	0.75		
different	different	differing-digits	string	HackerGroup	UAC-0063	UAC-0173	a	edit-similarity	0.75		
different	different	differing-digits	string	HackerGroup	UAC-0082	UAC-0094	a	edit-similarity	0.75		
different	different	differing-digits	string	HackerGroup	UAC-0082	UAC-0096	a	edit-similarity	0.75		
different	different	differing-digits	string	HackerGroup	UAC-0082	UAC-0097	a	edit-similarity	0.75		
different	different	differing-digits	string	HackerGroup	UAC-0082	UAC-0098	a	edit-similarity	0.75		
different	different	differing-digits	string	HackerGroup	UAC-0082	UAC-0099	a	edit-similarity	0.75		
different	different	differing-digits	string	HackerGroup	UAC-0082	UAC-0102	a	edit-similarity	0.75		
different	different	differing-digits	string	HackerGroup	UAC-0082	UAC-0132	a	edit-similarity	0.75		
different	different	differing-digits	string	HackerGroup	UAC-0082	UAC-0142	a	edit-similarity	0.75		
different	different	differing-digits	string	HackerGroup	UAC-0082	UAC-0180	a	edit-similarity	0.75		
different	different	differing-digits	string	HackerGroup	UAC-0082	UAC-0184	a	edit-similarity	0.75		
different	different	differing-digits	string	HackerGroup	UAC-0082	UAC-0188	a	edit-similarity	0.75		
different	different	differing-digits	string	HackerGroup	UAC-0082	UAC-0212	a	edit-similarity	0.75		
different	different	differing-digits	string	HackerGroup	UAC-0088	UAC-0094	a	edit-similarity	0.75		
different	different	differing-digits	string	HackerGroup	UAC-0088	UAC-0096	a	edit-similarity	0.75		
different	different	differing-digits	string	HackerGroup	UAC-0088	UAC-0097	a	edit-similarity	0.75		
different	different	differing-digits	string	HackerGroup	UAC-0088	UAC-0099	a	edit-similarity	0.75		
different	different	differing-digits	string	HackerGroup	UAC-0088	UAC-0118	a	edit-similarity	0.75		
different	different	differing-digits	string	HackerGroup	UAC-0088	UAC-0168	a	edit-similarity	0.75		
different	different	differing-digits	string	HackerGroup	UAC-0088	UAC-0180	a	edit-similarity	0.75		
different	different	differing-digits	string	HackerGroup	UAC-0088	UAC-0184	a	edit-similarity	0.75		
different	different	differing-digits	string	HackerGroup	UAC-0088	UAC-0198	a	edit-similarity	0.75		
different	different	differing-digits	string	HackerGroup	UAC-0088	UAC-0218	a	edit-similarity	0.75		
different	different	differing-digits	string	HackerGroup	UAC-0094	UAC-0104	a	edit-similarity	0.75		
different	different	differing-digits	string	HackerGroup	UAC-0094	UAC-0114	a	edit-similarity	0.75		
different	different	differing-digits	string	HackerGroup	UAC-0094	UAC-0154	a	edit-similarity	0.75		
different	different	differing-digits	string	HackerGroup	UAC-0094	UAC-0184	a	edit-similarity	0.75		
different	different	differing-digits	string	HackerGroup	UAC-0094	UAC-0195	a	edit-similarity	0.75		
different	different	differing-digits	string	HackerGroup	UAC-0094	UAC-0198	a	edit-similarity	0.75		
different	different	differing-digits	string	HackerGroup	UAC-0096	UAC-0195	a	edit-similarity	0.75		
different	different	differing-digits	string	HackerGroup	UAC-0096	UAC-0198	a	edit-similarity	0.75		
different	different	differing-digits	string	HackerGroup	UAC-0097	UAC-0177	a	edit-similarity	0.75		
different	different	differing-digits	string	HackerGroup	UAC-0097	UAC-0195	a	edit-similarity	0.75		
different	different	differing-digits	string	HackerGroup	UAC-0097	UAC-0198	a	edit-similarity	0.75		
different	different	differing-digits	string	HackerGroup	UAC-0098	UAC-0118	a	edit-similarity	0.75		
different	different	differing-digits	string	HackerGroup	UAC-0098	UAC-0168	a	edit-similarity	0.75		
different	different	differing-digits	string	HackerGroup	UAC-0098	UAC-0188	a	edit-similarity	0.75		
different	different	differing-digits	string	HackerGroup	UAC-0098	UAC-0195	a	edit-similarity	0.75		
different	different	differing-digits	string	HackerGroup	UAC-0098	UAC-0218	a	edit-similarity	0.75		
different	different	differing-digits	string	HackerGroup	UAC-0099	UAC-0149	a	edit-similarity	0.75		
different	different	differing-digits	string	HackerGroup	UAC-0099	UAC-0195	a	edit-similarity	0.75		
different	different	differing-digits	string	HackerGroup	UAC-0099	UAC-0198	a	edit-similarity	0.75		
different	different	differing-digits	string	HackerGroup	UAC-0101	UAC-0113	a	edit-similarity	0.75		
different	different	differing-digits	string	HackerGroup	UAC-0101	UAC-0114	a	edit-similarity	0.75		
different	different	differing-digits	string	HackerGroup	UAC-0101	UAC-0118	a	edit-similarity	0.75		
different	different	differing-digits	string	HackerGroup	UAC-0101	UAC-0120	a	edit-similarity	0.75		
different	different	differing-digits	string	HackerGroup	UAC-0101	UAC-0125	a	edit-similarity	0.75		
different	different	differing-digits	string	HackerGroup	UAC-0101	UAC-0132	a	edit-similarity	0.75		
different	different	differing-digits	string	HackerGroup	UAC-0101	UAC-0133	a	edit-similarity	0.75		
different	different	differing-digits	string	HackerGroup	UAC-0101	UAC-0140	a	edit-similarity	0.75		
different	different	differing-digits	string	HackerGroup	UAC-0101	UAC-0142	a	edit-similarity	0.75		
different	different	differing-digits	string	HackerGroup	UAC-0101	UAC-0145	a	edit-similarity	0.75		
different	different	differing-digits	string	HackerGroup	UAC-0101	UAC-0149	a	edit-similarity	0.75		
different	different	differing-digits	string	HackerGroup	UAC-0101	UAC-0154	a	edit-similarity	0.75		
different	different	differing-digits	string	HackerGroup	UAC-0101	UAC-0165	a	edit-similarity	0.75		
different	different	differing-digits	string	HackerGroup	UAC-0101	UAC-0168	a	edit-similarity	0.75		
different	different	differing-digits	string	HackerGroup	UAC-0101	UAC-0170	a	edit-similarity	0.75		
different	different	differing-digits	string	HackerGroup	UAC-0101	UAC-0173	a	edit-similarity	0.75		
different	different	differing-digits	string	HackerGroup	UAC-0101	UAC-0177	a	edit-similarity	0.75		
different	different	differing-digits	string	HackerGroup	UAC-0101	UAC-0180	a	edit-similarity	0.75		
different	different	differing-digits	string	HackerGroup	UAC-0101	UAC-0184	a	edit-similarity	0.75		
different	different	differing-digits	string	HackerGroup	UAC-0101	UAC-0188	a	edit-similarity	0.75		
different	different	differing-digits	string	HackerGroup	UAC-0101	UAC-0195	a	edit-similarity	0.75		
different	different	differing-digits	string	HackerGroup	UAC-0101	UAC-0198	a	edit-similarity	0.75		
different	different	differing-digits	string	HackerGroup	UAC-0101	UAC-0200	a	edit-similarity	0.75		
different	different	differing-digits	string	HackerGroup	UAC-0101	UAC-0210	a	edit-similarity	0.75		
different	different	differing-digits	string	HackerGroup	UAC-0102	UAC-0113	a	edit-similarity	0.75		
different	different	differing-digits	string	HackerGroup	UAC-0102	UAC-0114	a	edit-similarity	0.75		
different	different	differing-digits	string	HackerGroup	UAC-0102	UAC-0118	a	edit-similarity	0.75		
different	different	differing-digits	string	HackerGroup	UAC-0102	UAC-0120	a	edit-similarity	0.75		
different	different	differing-digits	string	HackerGroup	UAC-0102	UAC-0125	a	edit-similarity	0.75		
different	different	differing-digits	string	HackerGroup	UAC-0102	UAC-0133	a	edit-similarity	0.75		
different	different	differing-digits	string	HackerGroup	UAC-0102	UAC-0140	a	edit-similarity	0.75		
different	different	differing-digits	string	HackerGroup	UAC-0102	UAC-0145	a	edit-similarity	0.75		
different	different	differing-digits	string	HackerGroup	UAC-0102	UAC-0149	a	edit-similarity	0.75		
different	different	differing-digits	string	HackerGroup	UAC-0102	UAC-0154	a	edit-similarity	0.75		
different	different	differing-digits	string	HackerGroup	UAC-0102	UAC-0165	a	edit-similarity	0.75		
different	different	differing-digits	string	HackerGroup	UAC-0102	UAC-0168	a	edit-similarity	0.75		
different	different	differing-digits	string	HackerGroup	UAC-0102	UAC-0170	a	edit-similarity	0.75		
different	different	differing-digits	string	HackerGroup	UAC-0102	UAC-0173	a	edit-similarity	0.75		
different	different	differing-digits	string	HackerGroup	UAC-0102	UAC-0177	a	edit-similarity	0.75		
different	different	differing-digits	string	HackerGroup	UAC-0102	UAC-0180	a	edit-similarity	0.75		
different	different	differing-digits	string	HackerGroup	UAC-0102	UAC-0184	a	edit-similarity	0.75		
different	different	differing-digits	string	HackerGroup	UAC-0102	UAC-0188	a	edit-similarity	0.75		
different	different	differing-digits	string	HackerGroup	UAC-0102	UAC-0195	a	edit-similarity	0.75		
different	different	differing-digits	string	HackerGroup	UAC-0102	UAC-0198	a	edit-similarity	0.75		
different	different	differing-digits	string	HackerGroup	UAC-0102	UAC-0200	a	edit-similarity	0.75		
different	different	differing-digits	string	HackerGroup	UAC-0102	UAC-0210	a	edit-similarity	0.75		
different	different	differing-digits	string	HackerGroup	UAC-0102	UAC-0212	a	edit-similarity	0.75		
different	different	differing-digits	string	HackerGroup	UAC-0104	UAC-0113	a	edit-similarity	0.75		
different	different	differing-digits	string	HackerGroup	UAC-0104	UAC-0118	a	edit-similarity	0.75		
different	different	differing-digits	string	HackerGroup	UAC-0104	UAC-0120	a	edit-similarity	0.75		
different	different	differing-digits	string	HackerGroup	UAC-0104	UAC-0125	a	edit-similarity	0.75		
different	different	differing-digits	string	HackerGroup	UAC-0104	UAC-0132	a	edit-similarity	0.75		
different	different	differing-digits	string	HackerGroup	UAC-0104	UAC-0133	a	edit-similarity	0.75		
different	different	differing-digits	string	HackerGroup	UAC-0104	UAC-0140	a	edit-similarity	0.75		
different	different	differing-digits	string	HackerGroup	UAC-0104	UAC-0142	a	edit-similarity	0.75		
different	different	differing-digits	string	HackerGroup	UAC-0104	UAC-0145	a	edit-similarity	0.75		
different	different	differing-digits	string	HackerGroup	UAC-0104	UAC-0149	a	edit-similarity	0.75		
different	different	differing-digits	string	HackerGroup	UAC-0104	UAC-0165	a	edit-similarity	0.75		
different	different	differing-digits	string	HackerGroup	UAC-0104	UAC-0168	a	edit-similarity	0.75		
different	different	differing-digits	string	HackerGroup	UAC-0104	UAC-0170	a	edit-similarity	0.75		
different	different	differing-digits	string	HackerGroup	UAC-0104	UAC-0173	a	edit-similarity	0.75		
different	different	differing-digits	string	HackerGroup	UAC-0104	UAC-0177	a	edit-similarity	0.75		
different	different	differing-digits	string	HackerGroup	UAC-0104	UAC-0180	a	edit-similarity	0.75		
different	different	differing-digits	string	HackerGroup	UAC-0104	UAC-0188	a	edit-similarity	0.75		
different	different	differing-digits	string	HackerGroup	UAC-0104	UAC-0195	a	edit-similarity	0.75		
different	different	differing-digits	string	HackerGroup	UAC-0104	UAC-0198	a	edit-similarity	0.75		
different	different	differing-digits	string	HackerGroup	UAC-0104	UAC-0200	a	edit-similarity	0.75		
different	different	differing-digits	string	HackerGroup	UAC-0104	UAC-0210	a	edit-similarity	0.75		
different	different	differing-digits	string	HackerGroup	UAC-0113	UAC-0120	a	edit-similarity	0.75		
different	different	differing-digits	string	HackerGroup	UAC-0113	UAC-0125	a	edit-similarity	0.75		
different	different	differing-digits	string	HackerGroup	UAC-0113	UAC-0132	a	edit-similarity	0.75		
different	different	differing-digits	string	HackerGroup	UAC-0113	UAC-0140	a	edit-similarity	0.75		
different	different	differing-digits	string	HackerGroup	UAC-0113	UAC-0142	a	edit-similarity	0.75		
different	different	differing-digits	string	HackerGroup	UAC-0113	UAC-0145	a	edit-similarity	0.75		
different	different	differing-digits	string	HackerGroup	UAC-0113	UAC-0149	a	edit-similarity	0.75		
different	different	differing-digits	string	HackerGroup	UAC-0113	UAC-0154	a	edit-similarity	0.75		
different	different	differing-digits	string	HackerGroup	UAC-0113	UAC-0165	a	edit-similarity	0.75		
different	different	differing-digits	string	HackerGroup	UAC-0113	UAC-0168	a	edit-similarity	0.75		
different	different	differing-digits	string	HackerGroup	UAC-0113	UAC-0170	a	edit-similarity	0.75		
different	different	differing-digits	string	HackerGroup	UAC-0113	UAC-0177	a	edit-similarity	0.75		
different	different	differing-digits	string	HackerGroup	UAC-0113	UAC-0180	a	edit-similarity	0.75		
different	different	differing-digits	string	HackerGroup	UAC-0113	UAC-0184	a	edit-similarity	0.75		
different	different	differing-digits	string	HackerGroup	UAC-0113	UAC-0188	a	edit-similarity	0.75		
different	different	differing-digits	string	HackerGroup	UAC-0113	UAC-0195	a	edit-similarity	0.75		
different	different	differing-digits	string	HackerGroup	UAC-0113	UAC-0198	a	edit-similarity	0.75		
different	different	differing-digits	string	HackerGroup	UAC-0113	UAC-0210	a	edit-similarity	0.75		
different	different	differing-digits	string	HackerGroup	UAC-0113	UAC-0212	a	edit-similarity	0.75		
different	different	differing-digits	string	HackerGroup	UAC-0113	UAC-0215	a	edit-similarity	0.75		
different	different	differing-digits	string	HackerGroup	UAC-0113	UAC-0218	a	edit-similarity	0.75		
different	different	differing-digits	string	HackerGroup	UAC-0114	UAC-0120	a	edit-similarity	0.75		
different	different	differing-digits	string	HackerGroup	UAC-0114	UAC-0125	a	edit-similarity	0.75		
different	different	differing-digits	string	HackerGroup	UAC-0114	UAC-0132	a	edit-similarity	0.75		
different	different	differing-digits	string	HackerGroup	UAC-0114	UAC-0133	a	edit-similarity	0.75		
different	different	differing-digits	string	HackerGroup	UAC-0114	UAC-0140	a	edit-similarity	0.75		
different	different	differing-digits	string	HackerGroup	UAC-0114	UAC-0142	a	edit-similarity	0.75		
different	different	differing-digits	string	HackerGroup	UAC-0114	UAC-0145	a	edit-similarity	0.75		
different	different	differing-digits	string	HackerGroup	UAC-0114	UAC-0149	a	edit-similarity	0.75		
different	different	differing-digits	string	HackerGroup	UAC-0114	UAC-0165	a	edit-similarity	0.75		
different	different	differing-digits	string	HackerGroup	UAC-0114	UAC-0168	a	edit-similarity	0.75		
different	different	differing-digits	string	HackerGroup	UAC-0114	UAC-0170	a	edit-similarity	0.75		
different	different	differing-digits	string	HackerGroup	UAC-0114	UAC-0173	a	edit-similarity	0.75		
different	different	differing-digits	string	HackerGroup	UAC-0114	UAC-0177	a	edit-similarity	0.75		
different	different	differing-digits	string	HackerGroup	UAC-0114	UAC-0180	a	edit-similarity	0.75		
different	different	differing-digits	string	HackerGroup	UAC-0114	UAC-0188	a	edit-similarity	0.75		
different	different	differing-digits	string	HackerGroup	UAC-0114	UAC-0195	a	edit-similarity	0.75		
different	different	differing-digits	string	HackerGroup	UAC-0114	UAC-0198	a	edit-similarity	0.75		
different	different	differing-digits	string	HackerGroup	UAC-0114	UAC-0210	a	edit-similarity	0.75		
different	different	differing-digits	string	HackerGroup	UAC-0114	UAC-0212	a	edit-similarity	0.75		
different	different	differing-digits	string	HackerGroup	UAC-0114	UAC-0215	a	edit-similarity	0.75		
different	different	differing-digits	string	HackerGroup	UAC-0114	UAC-0218	a	edit-similarity	0.75		
different	different	differing-digits	string	HackerGroup	UAC-0118	UAC-0120	a	edit-similarity	0.75		
different	different	differing-digits	string	HackerGroup	UAC-0118	UAC-0125	a	edit-similarity	0.75		
different	different	differing-digits	string	HackerGroup	UAC-0118	UAC-0132	a	edit-similarity	0.75		
different	different	differing-digits	string	HackerGroup	UAC-0118	UAC-0133	a	edit-similarity	0.75		
different	different	differing-digits	string	HackerGroup	UAC-0118	UAC-0140	a	edit-similarity	0.75		
different	different	differing-digits	string	HackerGroup	UAC-0118	UAC-0142	a	edit-similarity	0.75		
different	different	differing-digits	string	HackerGroup	UAC-0118	UAC-0145	a	edit-similarity	0.75		
different	different	differing-digits	string	HackerGroup	UAC-0118	UAC-0149	a	edit-similarity	0.75		
different	different	differing-digits	string	HackerGroup	UAC-0118	UAC-0154	a	edit-similarity	0.75		
different	different	differing-digits	string	HackerGroup	UAC-0118	UAC-0165	a	edit-similarity	0.75		
different	different	differing-digits	string	HackerGroup	UAC-0118	UAC-0170	a	edit-similarity	0.75		
different	different	differing-digits	string	HackerGroup	UAC-0118	UAC-0173	a	edit-similarity	0.75		
different	different	differing-digits	string	HackerGroup	UAC-0118	UAC-0177	a	edit-similarity	0.75		
different	different	differing-digits	string	HackerGroup	UAC-0118	UAC-0180	a	edit-similarity	0.75		
different	different	differing-digits	string	HackerGroup	UAC-0118	UAC-0184	a	edit-similarity	0.75		
different	different	differing-digits	string	HackerGroup	UAC-0118	UAC-0195	a	edit-similarity	0.75		
different	different	differing-digits	string	HackerGroup	UAC-0118	UAC-0210	a	edit-similarity	0.75		
different	different	differing-digits	string	HackerGroup	UAC-0118	UAC-0212	a	edit-similarity	0.75		
different	different	differing-digits	string	HackerGroup	UAC-0118	UAC-0215	a	edit-similarity	0.75		
different	different	differing-digits	string	HackerGroup	UAC-0120	UAC-0132	a	edit-similarity	0.75		
different	different	differing-digits	string	HackerGroup	UAC-0120	UAC-0133	a	edit-similarity	0.75		
different	different	differing-digits	string	HackerGroup	UAC-0120	UAC-0142	a	edit-similarity	0.75		
different	different	differing-digits	string	HackerGroup	UAC-0120	UAC-0145	a	edit-similarity	0.75		
different	different	differing-digits	string	HackerGroup	UAC-0120	UAC-0149	a	edit-similarity	0.75		
different	different	differing-digits	string	HackerGroup	UAC-0120	UAC-0154	a	edit-similarity	0.75		
different	different	differing-digits	string	HackerGroup	UAC-0120	UAC-0165	a	edit-similarity	0.75		
different	different	differing-digits	string	HackerGroup	UAC-0120	UAC-0168	a	edit-similarity	0.75		
different	different	differing-digits	string	HackerGroup	UAC-0120	UAC-0173	a	edit-similarity	0.75		
different	different	differing-digits	string	HackerGroup	UAC-0120	UAC-0177	a	edit-similarity	0.75		
different	different	differing-digits	string	HackerGroup	UAC-0120	UAC-0184	a	edit-similarity	0.75		
different	different	differing-digits	string	HackerGroup	UAC-0120	UAC-0188	a	edit-similarity	0.75		
different	different	differing-digits	string	HackerGroup	UAC-0120	UAC-0195	a	edit-similarity	0.75		
different	different	differing-digits	string	HackerGroup	UAC-0120	UAC-0198	a	edit-similarity	0.75		
different	different	differing-digits	string	HackerGroup	UAC-0120	UAC-0200	a	edit-similarity	0.75		
different	different	differing-digits	string	HackerGroup	UAC-0120	UAC-0210	a	edit-similarity	0.75		
different	different	differing-digits	string	HackerGroup	UAC-0120	UAC-0212	a	edit-similarity	0.75		
different	different	differing-digits	string	HackerGroup	UAC-0125	UAC-0132	a	edit-similarity	0.75		
different	different	differing-digits	string	HackerGroup	UAC-0125	UAC-0133	a	edit-similarity	0.75		
different	different	differing-digits	string	HackerGroup	UAC-0125	UAC-0140	a	edit-similarity	0.75		
different	different	differing-digits	string	HackerGroup	UAC-0125	UAC-0142	a	edit-similarity	0.75		
different	different	differing-digits	string	HackerGroup	UAC-0125	UAC-0149	a	edit-similarity	0.75		
different	different	differing-digits	string	HackerGroup	UAC-0125	UAC-0154	a	edit-similarity	0.75		
different	different	differing-digits	string	HackerGroup	UAC-0125	UAC-0168	a	edit-similarity	0.75		
different	different	differing-digits	string	HackerGroup	UAC-0125	UAC-0170	a	edit-similarity	0.75		
different	different	differing-digits	string	HackerGroup	UAC-0125	UAC-0173	a	edit-similarity	0.75		
different	different	differing-digits	string	HackerGroup	UAC-0125	UAC-0177	a	edit-similarity	0.75		
different	different	differing-digits	string	HackerGroup	UAC-0125	UAC-0180	a	edit-similarity	0.75		
different	different	differing-digits	string	HackerGroup	UAC-0125	UAC-0184	a	edit-similarity	0.75		
different	different	differing-digits	string	HackerGroup	UAC-0125	UAC-0188	a	edit-similarity	0.75		
different	different	differing-digits	string	HackerGroup	UAC-0125	UAC-0198	a	edit-similarity	0.75		
different	different	differing-digits	string	HackerGroup	UAC-0125	UAC-0212	a	edit-similarity	0.75		
different	different	differing-digits	string	HackerGroup	UAC-0125	UAC-0215	a	edit-similarity	0.75		
different	different	differing-digits	string	HackerGroup	UAC-0132	UAC-0140	a	edit-similarity	0.75		
different	different	differing-digits	string	HackerGroup	UAC-0132	UAC-0145	a	edit-similarity	0.75		
different	different	differing-digits	string	HackerGroup	UAC-0132	UAC-0149	a	edit-similarity	0.75		
different	different	differing-digits	string	HackerGroup	UAC-0132	UAC-0154	a	edit-similarity	0.75		
different	different	differing-digits	string	HackerGroup	UAC-0132	UAC-0165	a	edit-similarity	0.75		
different	different	differing-digits	string	HackerGroup	UAC-0132	UAC-0168	a	edit-similarity	0.75		
different	different	differing-digits	string	HackerGroup	UAC-0132	UAC-0170	a	edit-similarity	0.75		
different	different	differing-digits	string	HackerGroup	UAC-0132	UAC-0173	a	edit-similarity	0.75		
different	different	differing-digits	string	HackerGroup	UAC-0132	UAC-0177	a	edit-similarity	0.75		
different	different	differing-digits	string	HackerGroup	UAC-0132	UAC-0180	a	edit-similarity	0.75		
different	different	differing-digits	string	HackerGroup	UAC-0132	UAC-0184	a	edit-similarity	0.75		
different	different	differing-digits	string	HackerGroup	UAC-0132	UAC-0188	a	edit-similarity	0.75		
different	different	differing-digits	string	HackerGroup	UAC-0132	UAC-0195	a	edit-similarity	0.75		
different	different	differing-digits	string	HackerGroup	UAC-0132	UAC-0198	a	edit-similarity	0.75		
different	different	differing-digits	string	HackerGroup	UAC-0132	UAC-0212	a	edit-similarity	0.75		
different	different	differing-digits	string	HackerGroup	UAC-0133	UAC-0140	a	edit-similarity	0.75		
different	different	differing-digits	string	HackerGroup	UAC-0133	UAC-0142	a	edit-similarity	0.75		
different	different	differing-digits	string	HackerGroup	UAC-0133	UAC-0145	a	edit-similarity	0.75		
different	different	differing-digits	string	HackerGroup	UAC-0133	UAC-0149	a	edit-similarity	0.75		
different	different	differing-digits	string	HackerGroup	UAC-0133	UAC-0154	a	edit-similarity	0.75		
different	different	differing-digits	string	HackerGroup	UAC-0133	UAC-0165	a	edit-similarity	0.75		
different	different	differing-digits	string	HackerGroup	UAC-0133	UAC-0168	a	edit-similarity	0.75		
different	different	differing-digits	string	HackerGroup	UAC-0133	UAC-0170	a	edit-similarity	0.75		
different	different	differing-digits	string	HackerGroup	UAC-0133	UAC-0177	a	edit-similarity	0.75		
different	different	differing-digits	string	HackerGroup	UAC-0133	UAC-0180	a	edit-similarity	0.75		
different	different	differing-digits	string	HackerGroup	UAC-0133	UAC-0184	a	edit-similarity	0.75		
different	different	differing-digits	string	HackerGroup	UAC-0133	UAC-0188	a	edit-similarity	0.75		
different	different	differing-digits	string	HackerGroup	UAC-0133	UAC-0195	a	edit-similarity	0.75		
different	different	differing-digits	string	HackerGroup	UAC-0133	UAC-0198	a	edit-similarity	0.75		
different	different	differing-digits	string	HackerGroup	UAC-0140	UAC-0154	a	edit-similarity	0.75		
different	different	differing-digits	string	HackerGroup	UAC-0140	UAC-0165	a	edit-similarity	0.75		
different	different	differing-digits	string	HackerGroup	UAC-0140	UAC-0168	a	edit-similarity	0.75		
different	different	differing-digits	string	HackerGroup	UAC-0140	UAC-0173	a	edit-similarity	0.75		
different	different	differing-digits	string	HackerGroup	UAC-0140	UAC-0177	a	edit-similarity	0.75		
different	different	differing-digits	string	HackerGroup	UAC-0140	UAC-0184	a	edit-similarity	0.75		
different	different	differing-digits	string	HackerGroup	UAC-0140	UAC-0188	a	edit-similarity	0.75		
different	different	differing-digits	string	HackerGroup	UAC-0140	UAC-0195	a	edit-similarity	0.75		
different	different	differing-digits	string	HackerGroup	UAC-0140	UAC-0198	a	edit-similarity	0.75		
different	different	differing-digits	string	HackerGroup	UAC-0140	UAC-0200	a	edit-similarity	0.75		
different	different	differing-digits	string	HackerGroup	UAC-0140	UAC-0210	a	edit-similarity	0.75		
different	different	differing-digits	string	HackerGroup	UAC-0142	UAC-0154	a	edit-similarity	0.75		
different	different	differing-digits	string	HackerGroup	UAC-0142	UAC-0165	a	edit-similarity	0.75		
different	different	differing-digits	string	HackerGroup	UAC-0142	UAC-0168	a	edit-similarity	0.75		
different	different	differing-digits	string	HackerGroup	UAC-0142	UAC-0170	a	edit-similarity	0.75		
different	different	differing-digits	string	HackerGroup	UAC-0142	UAC-0173	a	edit-similarity	0.75		
different	different	differing-digits	string	HackerGroup	UAC-0142	UAC-0177	a	edit-similarity	0.75		
different	different	differing-digits	string	HackerGroup	UAC-0142	UAC-0180	a	edit-similarity	0.75		
different	different	differing-digits	string	HackerGroup	UAC-0142	UAC-0184	a	edit-similarity	0.75		
different	different	differing-digits	string	HackerGroup	UAC-0142	UAC-0188	a	edit-similarity	0.75		
different	different	differing-digits	string	HackerGroup	UAC-0142	UAC-0195	a	edit-similarity	0.75		
different	different	differing-digits	string	HackerGroup	UAC-0142	UAC-0198	a	edit-similarity	0.75		
different	different	differing-digits	string	HackerGroup	UAC-0142	UAC-0212	a	edit-similarity	0.75		
different	different	differing-digits	string	HackerGroup	UAC-0145	UAC-0154	a	edit-similarity	0.75		
different	different	differing-digits	string	HackerGroup	UAC-0145	UAC-0168	a	edit-similarity	0.75		
different	different	differing-digits	string	HackerGroup	UAC-0145	UAC-0170	a	edit-similarity	0.75		
different	different	differing-digits	string	HackerGroup	UAC-0145	UAC-0173	a	edit-similarity	0.75		
different	different	differing-digits	string	HackerGroup	UAC-0145	UAC-0177	a	edit-similarity	0.75		
different	different	differing-digits	string	HackerGroup	UAC-0145	UAC-0180	a	edit-similarity	0.75		
different	different	differing-digits	string	HackerGroup	UAC-0145	UAC-0184	a	edit-similarity	0.75		
different	different	differing-digits	string	HackerGroup	UAC-0145	UAC-0188	a	edit-similarity	0.75		
different	different	differing-digits	string	HackerGroup	UAC-0145	UAC-0198	a	edit-similarity	0.75		
different	different	differing-digits	string	HackerGroup	UAC-0145	UAC-0215	a	edit-similarity	0.75		
different	different	differing-digits	string	HackerGroup	UAC-0149	UAC-0154	a	edit-similarity	0.75		
different	different	differing-digits	string	HackerGroup	UAC-0149	UAC-0165	a	edit-similarity	0.75		
different	different	differing-digits	string	HackerGroup	UAC-0149	UAC-0168	a	edit-similarity	0.75		
different	different	differing-digits	string	HackerGroup	UAC-0149	UAC-0170	a	edit-similarity	0.75		
different	different	differing-digits	string	HackerGroup	UAC-0149	UAC-0173	a	edit-similarity	0.75		
different	different	differing-digits	string	HackerGroup	UAC-0149	UAC-0177	a	edit-similarity	0.75		
different	different	differing-digits	string	HackerGroup	UAC-0149	UAC-0180	a	edit-similarity	0.75		
different	different	differing-digits	string	HackerGroup	UAC-0149	UAC-0184	a	edit-similarity	0.75		
different	different	differing-digits	string	HackerGroup	UAC-0149	UAC-0188	a	edit-similarity	0.75		
different	different	differing-digits	string	HackerGroup	UAC-0149	UAC-0195	a	edit-similarity	0.75		
different	different	differing-digits	string	HackerGroup	UAC-0149	UAC-0198	a	edit-similarity	0.75		
different	different	differing-digits	string	HackerGroup	UAC-0154	UAC-0165	a	edit-similarity	0.75		
different	different	differing-digits	string	HackerGroup	UAC-0154	UAC-0168	a	edit-similarity	0.75		
different	different	differing-digits	string	HackerGroup	UAC-0154	UAC-0170	a	edit-similarity	0.75		
different	different	differing-digits	string	HackerGroup	UAC-0154	UAC-0173	a	edit-similarity	0.75		
different	different	differing-digits	string	HackerGroup	UAC-0154	UAC-0177	a	edit-similarity	0.75		
different	different	differing-digits	string	HackerGroup	UAC-0154	UAC-0180	a	edit-similarity	0.75		
different	different	differing-digits	string	HackerGroup	UAC-0154	UAC-0188	a	edit-similarity	0.75		
different	different	differing-digits	string	HackerGroup	UAC-0154	UAC-0195	a	edit-similarity	0.75		
different	different	differing-digits	string	HackerGroup	UAC-0154	UAC-0198	a	edit-similarity	0.75		
different	different	differing-digits	string	HackerGroup	UAC-0154	UAC-0215	a	edit-similarity	0.75		
different	different	differing-digits	string	HackerGroup	UAC-0165	UAC-0170	a	edit-similarity	0.75		
different	different	differing-digits	string	HackerGroup	UAC-0165	UAC-0173	a	edit-similarity	0.75		
different	different	differing-digits	string	HackerGroup	UAC-0165	UAC-0177	a	edit-similarity	0.75		
different	different	differing-digits	string	HackerGroup	UAC-0165	UAC-0180	a	edit-similarity	0.75		
different	different	differing-digits	string	HackerGroup	UAC-0165	UAC-0184	a	edit-similarity	0.75		
different	different	differing-digits	string	HackerGroup	UAC-0165	UAC-0188	a	edit-similarity	0.75		
different	different	differing-digits	string	HackerGroup	UAC-0165	UAC-0198	a	edit-similarity	0.75		
different	different	differing-digits	string	HackerGroup	UAC-0165	UAC-0215	a	edit-similarity	0.75		
different	different	differing-digits	string	HackerGroup	UAC-0168	UAC-0170	a	edit-similarity	0.75		
different	different	differing-digits	string	HackerGroup	UAC-0168	UAC-0173	a	edit-similarity	0.75		
different	different	differing-digits	string	HackerGroup	UAC-0168	UAC-0177	a	edit-similarity	0.75		
different	different	differing-digits	string	HackerGroup	UAC-0168	UAC-0180	a	edit-similarity	0.75		
different	different	differing-digits	string	HackerGroup	UAC-0168	UAC-0184	a	edit-similarity	0.75		
different	different	differing-digits	string	HackerGroup	UAC-0168	UAC-0195	a	edit-similarity	0.75		
different	different	differing-digits	string	HackerGroup	UAC-0168	UAC-0218	a	edit-similarity	0.75		
different	different	differing-digits	string	HackerGroup	UAC-0170	UAC-0184	a	edit-similarity	0.75		
different	different	differing-digits	string	HackerGroup	UAC-0170	UAC-0188	a	edit-similarity	0.75		
different	different	differing-digits	string	HackerGroup	UAC-0170	UAC-0195	a	edit-similarity	0.75		
different	different	differing-digits	string	HackerGroup	UAC-0170	UAC-0198	a	edit-similarity	0.75		
different	different	differing-digits	string	HackerGroup	UAC-0170	UAC-0200	a	edit-similarity	0.75		
different	different	differing-digits	string	HackerGroup	UAC-0170	UAC-0210	a	edit-similarity	0.75		
different	different	differing-digits	string	HackerGroup	UAC-0173	UAC-0180	a	edit-similarity	0.75		
different	different	differing-digits	string	HackerGroup	UAC-0173	UAC-0184	a	edit-similarity	0.75		
different	different	differing-digits	string	HackerGroup	UAC-0173	UAC-0188	a	edit-similarity	0.75		
different	different	differing-digits	string	HackerGroup	UAC-0173	UAC-0195	a	edit-similarity	0.75		
different	different	differing-digits	string	HackerGroup	UAC-0173	UAC-0198	a	edit-similarity	0.75		
different	different	differing-digits	string	HackerGroup	UAC-0177	UAC-0180	a	edit-similarity	0.75		
different	different	differing-digits	string	HackerGroup	UAC-0177	UAC-0184	a	edit-similarity	0.75		
different	different	differing-digits	string	HackerGroup	UAC-0177	UAC-0188	a	edit-similarity	0.75		
different	different	differing-digits	string	HackerGroup	UAC-0177	UAC-0195	a	edit-similarity	0.75		
different	different	differing-digits	string	HackerGroup	UAC-0177	UAC-0198	a	edit-similarity	0.75		
different	different	differing-digits	string	HackerGroup	UAC-0180	UAC-0195	a	edit-similarity	0.75		
different	different	differing-digits	string	HackerGroup	UAC-0180	UAC-0198	a	edit-similarity	0.75		
different	different	differing-digits	string	HackerGroup	UAC-0180	UAC-0200	a	edit-similarity	0.75		
different	different	differing-digits	string	HackerGroup	UAC-0180	UAC-0210	a	edit-similarity	0.75		
different	different	differing-digits	string	HackerGroup	UAC-0180	UAC-0218	a	edit-similarity	0.75		
different	different	differing-digits	string	HackerGroup	UAC-0184	UAC-0195	a	edit-similarity	0.75		
different	different	differing-digits	string	HackerGroup	UAC-0184	UAC-0198	a	edit-similarity	0.75		
different	different	differing-digits	string	HackerGroup	UAC-0184	UAC-0218	a	edit-similarity	0.75		
different	different	differing-digits	string	HackerGroup	UAC-0188	UAC-0195	a	edit-similarity	0.75		
different	different	differing-digits	string	HackerGroup	UAC-0188	UAC-0218	a	edit-similarity	0.75		
different	different	differing-digits	string	HackerGroup	UAC-0195	UAC-0215	a	edit-similarity	0.75		
different	different	differing-digits	string	HackerGroup	UAC-0198	UAC-0218	a	edit-similarity	0.75		
different	different	differing-digits	string	HackerGroup	UAC-0200	UAC-0212	a	edit-similarity	0.75		
different	different	differing-digits	string	HackerGroup	UAC-0200	UAC-0215	a	edit-similarity	0.75		
different	different	differing-digits	string	HackerGroup	UAC-0200	UAC-0218	a	edit-similarity	0.75		
different	different	differing-digits	string	HackerGroup	UNC2596	unc2589	a	edit-similarity	0.7143		
	review	none	both	Individual	Микола Худинцев	Худинцев Микола Миколайович	a	edit-similarity	0.8	Худинцев Микола Миколайович	
same	same	punctuation-only	both	Organization	Trend Micro	Trendmicro	a	edit-similarity	0.9091	Trend Micro	
	review	none	both	Organization	STARK INDUSTRIES SOLUTIONS LTD	stark-industries.solutions	a	edit-similarity	0.8571	STARK INDUSTRIES SOLUTIONS LTD	
same	same	punctuation-only	both	Organization	UKR.NET	Ukrnet	a	edit-similarity	0.8571	UKR.NET	
	review	none	string	Organization	Check Point	Check Point Research	a	edit-similarity	0.8		
same	same	punctuation-only	both	Organization	NO-IP	NoIP	a	edit-similarity	0.8	No-IP	
	review	none	both	Organization	DigitalOcean	digitalocean.com	a	edit-similarity	0.75	DigitalOcean	
	review	none	both	Organization	Cherry Servers	cherryservers.com	a	edit-similarity	0.7059	Cherry Servers	
	review	none	string	Organization	cloudx.ru	macloud.ru	a	edit-similarity	0.7		
same	same	cross-script	both	Organization	NATO	НАТО	b	transliteration	0	NATO	
	review	none	both	Sector	Підприємства оборонно-промислового комплексу	підприємств оборонно-промислового комплексу	a	edit-similarity	0.9773	Defense-industrial complex enterprises	
	review	none	both	Sector	державна організація України	державні організації України	a	edit-similarity	0.9286	Ukrainian government organizations	
	review	none	both	Sector	державна організація	державні організації	a	edit-similarity	0.9	Government organizations	
	review	none	both	Sector	вебсайти державних органів	сайти державних органів	a	edit-similarity	0.8846	Web resources of government bodies	
	review	none	string	Sector	Ukrainian heat supply sector	Ukrainian water supply sector	a	edit-similarity	0.8621		
	review	none	string	Sector	Heat supply sector	Ukrainian heat supply sector	a	edit-similarity	0.8571		
	review	none	string	Sector	Ukrainian water supply sector	Water supply sector	a	edit-similarity	0.8571		
	review	none	string	Sector	Державні фінансові установи України	Фінансові установи України	a	edit-similarity	0.8571		
	review	none	string	Sector	Державні фінансові установи України	державні установи України	a	edit-similarity	0.8571		
	review	none	string	Sector	Органи державної влади	органи державної влади Польщі	a	edit-similarity	0.8571		
	review	none	string	Sector	Органи державної влади	органи державної влади України	a	edit-similarity	0.8571		
	review	none	string	Sector	Органи державної влади	українські органи державної влади	a	edit-similarity	0.8571		
	review	none	string	Sector	органи місцевого самоврядування	органи місцевого самоврядування України	a	edit-similarity	0.8571		
	review	none	both	Sector	вебресурси державних організацій	вебсайти державних організацій	a	edit-similarity	0.8438	Web resources of government organizations	
	review	none	string	Sector	вебсайти державних органів	вебсайти державних організацій	a	edit-similarity	0.8333		
	review	none	string	Sector	Медійні організації України	державні організації України	a	edit-similarity	0.8214		
	review	none	string	Sector	Russian government bodies	Ukrainian government bodies	a	edit-similarity	0.8148		
	review	none	string	Sector	державні установи	державні установи США	a	edit-similarity	0.8095		
	review	none	string	Sector	Energy sector	Ukrainian energy sector	a	edit-similarity	0.8		
	review	none	string	Sector	Government bodies and enterprises of Ukraine	Government bodies of Ukraine	a	edit-similarity	0.8		
	review	none	string	Sector	Ukrainian defense enterprises	Ukrainian enterprises	a	edit-similarity	0.8		
	review	none	string	Sector	Ukrainian government organizations	Ukrainian organizations	a	edit-similarity	0.8		
	review	none	string	Sector	Ukrainian media organizations	Ukrainian organizations	a	edit-similarity	0.8		
	review	none	string	Sector	Ukrainian providers	Ukrainian telecommunications providers	a	edit-similarity	0.8		
	review	none	string	Sector	Медійні організації України	організації України	a	edit-similarity	0.8		
	review	none	string	Sector	державна організація	державна організація України	a	edit-similarity	0.8		
	review	none	string	Sector	державні органи	державні органи України	a	edit-similarity	0.8		
	review	none	string	Sector	державні органи України	державні установи України	a	edit-similarity	0.8		
	review	none	string	Sector	державні органи та органи місцевого самоврядування України	органи місцевого самоврядування України	a	edit-similarity	0.8		
	review	none	string	Sector	державні організації	державні організації України	a	edit-similarity	0.8		
	review	none	string	Sector	державні організації України	організації України	a	edit-similarity	0.8		
	review	none	string	Sector	державні та приватні установи, організації та підприємства	державні установи та підприємства	a	edit-similarity	0.8		
	review	none	string	Sector	державні установи	державні установи України	a	edit-similarity	0.8		
	review	none	string	Sector	Ukrainian defense sector	Ukrainian energy sector	a	edit-similarity	0.7917		
	review	none	string	Sector	Heat supply sector	Water supply sector	a	edit-similarity	0.7895		
	review	none	string	Sector	Government bodies of Ukraine	Government sector of Ukraine	a	edit-similarity	0.7857		
	review	none	string	Sector	державні органи України	державні організації України	a	edit-similarity	0.7857		
	review	none	string	Sector	Ukrainian government bodies	Ukrainian government sector	a	edit-similarity	0.7778		
	review	none	string	Sector	Austrian organizations	German organizations	a	edit-similarity	0.7727		
	review	none	string	Sector	Ukrainian government bodies	Ukrainian government officials	a	edit-similarity	0.7667		
	review	none	string	Sector	органи державної влади Польщі	органи державної влади України	a	edit-similarity	0.7667		
	review	none	string	Sector	державні установи США	державні установи України	a	edit-similarity	0.76		
	review	none	string	Sector	Веб-ресурси державних органів України	вебресурси державних організацій	a	edit-similarity	0.7568		
	review	none	string	Sector	Commercial sector of Ukraine	Government sector of Ukraine	a	edit-similarity	0.75		
	review	none	string	Sector	Медійні організації України	державна організація України	a	edit-similarity	0.75		
	review	none	string	Sector	державна організація України	державні органи України	a	edit-similarity	0.75		
	review	none	string	Sector	органи державної влади Польщі	українські органи державної влади	a	edit-similarity	0.75		
	review	none	both	Sector	органи державної влади України	українські органи державної влади	a	edit-similarity	0.75	Government bodies of Ukraine	
	review	none	string	Sector	Ukrainian defense sector	Ukrainian government sector	a	edit-similarity	0.7407		
	review	none	string	Sector	Austrian organizations	Ukrainian organizations	a	edit-similarity	0.7391		
	review	none	string	Sector	German organizations	Ukrainian organizations	a	edit-similarity	0.7391		
	review	none	string	Sector	Ukrainian government officials	Ukrainian government organizations	a	edit-similarity	0.7353		
	review	none	string	Sector	Ukrainian government organizations	Ukrainian media organizations	a	edit-similarity	0.7353		
	review	none	string	Sector	Ukrainian government officials	Ukrainian government sector	a	edit-similarity	0.7333		
	review	none	string	Sector	вебсайти державних організацій	сайти державних органів	a	edit-similarity	0.7333		
	review	none	string	Sector	польські організації	українські організації	a	edit-similarity	0.7273		
	review	none	string	Sector	державні органи	державні установи	a	edit-similarity	0.7059		
	review	none	string	Sector	Ukrainian energy sector	Ukrainian government sector	a	edit-similarity	0.7037		
	review	none	string	Sector	державні органи	державні організації	a	edit-similarity	0.7		
same	same	punctuation-only	string	Software	Base-Update.exe	base_update.exe	a	edit-similarity	1		
	review	none	both	Software	PowerShell (powershell.exe)	powershell.exe	a	edit-similarity	1	PowerShell	
	review	registry-conflict	both	Software	Microsoft Exchange Server 2010	Microsoft Exchange Server 2013	a	edit-similarity	0.9667	Microsoft Exchange Server	
	review	registry-conflict	both	Software	Microsoft Exchange Server 2010	Microsoft Exchange Server 2016	a	edit-similarity	0.9667	Microsoft Exchange Server	
	review	registry-conflict	both	Software	Microsoft Exchange Server 2010	Microsoft Exchange Server 2019	a	edit-similarity	0.9667	Microsoft Exchange Server	
	review	registry-conflict	both	Software	Microsoft Exchange Server 2013	Microsoft Exchange Server 2016	a	edit-similarity	0.9667	Microsoft Exchange Server	
	review	registry-conflict	both	Software	Microsoft Exchange Server 2013	Microsoft Exchange Server 2019	a	edit-similarity	0.9667	Microsoft Exchange Server	
	review	registry-conflict	both	Software	Microsoft Exchange Server 2016	Microsoft Exchange Server 2019	a	edit-similarity	0.9667	Microsoft Exchange Server	
	review	registry-conflict	both	Software	Microsoft Office 2010	Microsoft Office 2013	a	edit-similarity	0.9524	Microsoft Office	
	review	registry-conflict	both	Software	Microsoft Office 2010	Microsoft Office 2016	a	edit-similarity	0.9524	Microsoft Office	
	review	registry-conflict	both	Software	Microsoft Office 2010	Microsoft Office 2019	a	edit-similarity	0.9524	Microsoft Office	
	review	registry-conflict	both	Software	Microsoft Office 2013	Microsoft Office 2016	a	edit-similarity	0.9524	Microsoft Office	
	review	registry-conflict	both	Software	Microsoft Office 2013	Microsoft Office 2019	a	edit-similarity	0.9524	Microsoft Office	
	review	registry-conflict	both	Software	Microsoft Office 2016	Microsoft Office 2019	a	edit-similarity	0.9524	Microsoft Office	
different	different	differing-digits	string	Software	Windows Server 2012	Windows Server 2016	a	edit-similarity	0.9474		
different	different	differing-digits	string	Software	Windows Server 2012	Windows Server 2019	a	edit-similarity	0.9474		
different	different	differing-digits	string	Software	Windows Server 2016	Windows Server 2019	a	edit-similarity	0.9474		
	review	registry-conflict	both	Software	shellcode.x64 (Cobalt Strike Beacon)	shellcode.x86 (Cobalt Strike Beacon)	a	edit-similarity	0.9444	Cobalt Strike Beacon	
	review	registry-conflict	both	Software	ArmyPlusInstaller-v.0.10.23672.exe	ArmyPlusInstaller-v.0.10.23722.exe	a	edit-similarity	0.9412	Армія+	
different	different	differing-digits	string	Software	1.Платiжна iнструкцiя iпн та вытяг з реестру Код документа 9312-0580-6944-3255.exe	Платiжна iнструкцiя iпн та вытяг з реестру Код документа 9312-0580-6944-3255.zip	a	edit-similarity	0.939		
same	same	punctuation-only	both	Software	Remote Utilities	RemoteUtilities	a	edit-similarity	0.9375	Remote Utilities	
different	different	differing-digits	string	Software	Microsoft Windows Server 2008 R2 for Itanium-based Systems SP1	Microsoft Windows Server 2008 for Itanium-based Systems SP2	a	edit-similarity	0.9355		
different	different	differing-digits	string	Software	Microsoft Windows Server 2008 R2 for x64-based Systems SP1	Microsoft Windows Server 2008 for x64-based Systems SP2	a	edit-similarity	0.931		
different	different	differing-digits	string	Software	CVE-2017-17688	CVE-2017-17689	a	edit-similarity	0.9286		
different	different	differing-digits	string	Software	CVE-2018-20250	CVE-2018-20251	a	edit-similarity	0.9286		
different	different	differing-digits	string	Software	CVE-2018-20250	CVE-2018-20252	a	edit-similarity	0.9286		
different	different	differing-digits	string	Software	CVE-2018-20250	CVE-2018-20253	a	edit-similarity	0.9286		
different	different	differing-digits	string	Software	CVE-2018-20251	CVE-2018-20252	a	edit-similarity	0.9286		
different	different	differing-digits	string	Software	CVE-2018-20251	CVE-2018-20253	a	edit-similarity	0.9286		
different	different	differing-digits	string	Software	CVE-2018-20252	CVE-2018-20253	a	edit-similarity	0.9286		
different	different	differing-digits	string	Software	CVE-2021-26855	CVE-2021-26857	a	edit-similarity	0.9286		
different	different	differing-digits	string	Software	CVE-2021-26855	CVE-2021-26858	a	edit-similarity	0.9286		
different	different	differing-digits	string	Software	CVE-2021-26857	CVE-2021-26858	a	edit-similarity	0.9286		
different	different	differing-digits	string	Software	CVE-2022-23131	CVE-2022-23134	a	edit-similarity	0.9286		
different	different	differing-digits	string	Software	CVE-2018-7600	CVE-2018-7602	a	edit-similarity	0.9231		
different	different	differing-digits	string	Software	CVE-2018-8120	CVE-2018-8124	a	edit-similarity	0.9231		
different	different	differing-digits	string	Software	CVE-2018-8120	CVE-2018-8127	a	edit-similarity	0.9231		
different	different	differing-digits	string	Software	CVE-2018-8120	CVE-2018-8129	a	edit-similarity	0.9231		
different	different	differing-digits	string	Software	CVE-2018-8120	CVE-2018-8170	a	edit-similarity	0.9231		
different	different	differing-digits	string	Software	CVE-2018-8124	CVE-2018-8127	a	edit-similarity	0.9231		
different	different	differing-digits	string	Software	CVE-2018-8124	CVE-2018-8129	a	edit-similarity	0.9231		
different	different	differing-digits	string	Software	CVE-2018-8124	CVE-2018-8134	a	edit-similarity	0.9231		
different	different	differing-digits	string	Software	CVE-2018-8124	CVE-2018-8174	a	edit-similarity	0.9231		
different	different	differing-digits	string	Software	CVE-2018-8127	CVE-2018-8129	a	edit-similarity	0.9231		
different	different	differing-digits	string	Software	CVE-2018-8132	CVE-2018-8134	a	edit-similarity	0.9231		
different	different	differing-digits	string	Software	CVE-2018-8132	CVE-2018-8136	a	edit-similarity	0.9231		
different	different	differing-digits	string	Software	CVE-2018-8134	CVE-2018-8136	a	edit-similarity	0.9231		
different	different	differing-digits	string	Software	CVE-2018-8134	CVE-2018-8174	a	edit-similarity	0.9231		
different	different	differing-digits	string	Software	CVE-2018-8170	CVE-2018-8174	a	edit-similarity	0.9231		
different	different	differing-digits	string	Software	CVE-2020-0601	CVE-2020-0609	a	edit-similarity	0.9231		
different	different	differing-digits	string	Software	CVE-2020-0601	CVE-2020-0611	a	edit-similarity	0.9231		
different	different	differing-digits	string	Software	CVE-2020-0610	CVE-2020-0611	a	edit-similarity	0.9231		
different	different	differing-digits	string	Software	CVE-2020-3110	CVE-2020-3111	a	edit-similarity	0.9231		
different	different	differing-digits	string	Software	CVE-2020-3110	CVE-2020-3118	a	edit-similarity	0.9231		
different	different	differing-digits	string	Software	CVE-2020-3110	CVE-2020-3119	a	edit-similarity	0.9231		
different	different	differing-digits	string	Software	CVE-2020-3110	CVE-2020-3120	a	edit-similarity	0.9231		
different	different	differing-digits	string	Software	CVE-2020-3111	CVE-2020-3118	a	edit-similarity	0.9231		
different	different	differing-digits	string	Software	CVE-2020-3111	CVE-2020-3119	a	edit-similarity	0.9231		
different	different	differing-digits	string	Software	CVE-2020-3111	CVE-2020-3191	a	edit-similarity	0.9231		
different	different	differing-digits	string	Software	CVE-2020-3118	CVE-2020-3119	a	edit-similarity	0.9231		
different	different	differing-digits	string	Software	CVE-2020-3119	CVE-2020-3179	a	edit-similarity	0.9231		
different	different	differing-digits	string	Software	CVE-2020-3119	CVE-2020-3189	a	edit-similarity	0.9231		
different	different	differing-digits	string	Software	CVE-2020-3120	CVE-2020-3125	a	edit-similarity	0.9231		
different	different	differing-digits	string	Software	CVE-2020-3125	CVE-2020-3195	a	edit-similarity	0.9231		
different	different	differing-digits	string	Software	CVE-2020-3179	CVE-2020-3189	a	edit-similarity	0.9231		
different	different	differing-digits	string	Software	CVE-2020-3187	CVE-2020-3189	a	edit-similarity	0.9231		
different	different	differing-digits	string	Software	CVE-2020-3191	CVE-2020-3195	a	edit-similarity	0.9231		
different	different	differing-digits	string	Software	CVE-2020-3191	CVE-2020-3196	a	edit-similarity	0.9231		
different	different	differing-digits	string	Software	CVE-2020-3195	CVE-2020-3196	a	edit-similarity	0.9231		
different	different	differing-digits	string	Software	CVE-2020-3254	CVE-2020-3255	a	edit-similarity	0.9231		
different	different	differing-digits	string	Software	CVE-2020-3254	CVE-2020-3259	a	edit-similarity	0.9231		
different	different	differing-digits	string	Software	CVE-2020-3255	CVE-2020-3259	a	edit-similarity	0.9231		
different	different	differing-digits	string	Software	CVE-2020-3259	CVE-2020-3759	a	edit-similarity	0.9231		
different	different	differing-digits	string	Software	CVE-2020-3757	CVE-2020-3759	a	edit-similarity	0.9231		
different	different	differing-digits	string	Software	CVE-2020-7047	CVE-2020-7048	a	edit-similarity	0.9231		
	review	none	string	Software	Cisco IOS XE	Cisco IOS XR	a	edit-similarity	0.9167		
same	same	punctuation-only	both	Software	DARKCRYSTALRAT (DCRAT)	Dark Crystal RAT (DCRAT)	a	edit-similarity	0.9167	DarkCrystal RAT	
	review	none	string	Software	ruhbll32.dll	runbll32.dll	a	edit-similarity	0.9167		
same	same	punctuation-only	both	Software	Agent Tesla	AgentTesla	a	edit-similarity	0.9091	Agent Tesla	
same	same	punctuation-only	both	Software	October CMS	OctoberCMS	a	edit-similarity	0.9091	October CMS	
	review	registry-conflict	both	Software	Office 2010	Office 2013	a	edit-similarity	0.9091	Microsoft Office	
	review	registry-conflict	both	Software	Office 2010	Office 2016	a	edit-similarity	0.9091	Microsoft Office	
	review	registry-conflict	both	Software	Office 2013	Office 2016	a	edit-similarity	0.9091	Microsoft Office	
same	same	punctuation-only	both	Software	RDP Wrapper	RDPWrapper	a	edit-similarity	0.9091	RDP Wrapper	
	review	none	both	Software	cscript.exe	wscript.exe	a	edit-similarity	0.9091	Windows Script Host	
	review	none	string	Software	icloud.cmd	iclouds.cmd	a	edit-similarity	0.9091		
	review	registry-conflict	both	Software	Microsoft Office 2007	Microsoft Office 2010	a	edit-similarity	0.9048	Microsoft Office	
	review	registry-conflict	both	Software	Microsoft Office 2007	Microsoft Office 2013	a	edit-similarity	0.9048	Microsoft Office	
	review	registry-conflict	both	Software	Microsoft Office 2007	Microsoft Office 2016	a	edit-similarity	0.9048	Microsoft Office	
	review	registry-conflict	both	Software	Microsoft Office 2007	Microsoft Office 2019	a	edit-similarity	0.9048	Microsoft Office	
	review	registry-conflict	both	Software	Microsoft Windows Server 2008 R2 for Itanium-based Systems SP1	Microsoft Windows Server 2008 R2 for x64-based Systems SP1	a	edit-similarity	0.9	Windows Server 2008 R2	
same	same	punctuation-only	both	Software	QUASAR RAT	QuasarRAT	a	edit-similarity	0.9	Quasar RAT	
same	same	punctuation-only	both	Software	Remcos RAT	RemcosRAT	a	edit-similarity	0.9	Remcos	
different	different	differing-digits	string	Software	stage1.ps1	stage2.ps1	a	edit-similarity	0.9		
	review	none	both	Software	Електронний план евакуації.exe	Електронний план евакуації.rar	a	edit-similarity	0.9	Електронний план евакуації	
different	different	differing-digits	string	Software	Windows Server 2008	Windows Server 2012	a	edit-similarity	0.8947		
different	different	differing-digits	string	Software	Windows Server 2008	Windows Server 2016	a	edit-similarity	0.8947		
different	different	differing-digits	string	Software	Windows Server 2008	Windows Server 2019	a	edit-similarity	0.8947		
	review	registry-conflict	both	Software	Microsoft Windows Server 2008 for Itanium-based Systems SP2	Microsoft Windows Server 2008 for x64-based Systems SP2	a	edit-similarity	0.8889	Windows Server 2008	
	review	none	string	Software	Windows_Security_Update_HxW	Windows_Security_Update_gMj	a	edit-similarity	0.8889		
	review	none	string	Software	Windows_Security_Update_HxW	Windows_Security_Update_xBQ	a	edit-similarity	0.8889		
	review	none	string	Software	Windows_Security_Update_gMj	Windows_Security_Update_xBQ	a	edit-similarity	0.8889		
	review	none	string	Software	рахунки компания технік.lzh	рахунки компания технік.zip	a	edit-similarity	0.8889		
	review	registry-conflict	both	Software	shellcode.x64.bin	shellcode.x86.bin	a	edit-similarity	0.8824	Cobalt Strike Beacon	
	review	none	string	Software	Видаткова_накладная_№121_вiд_18_липня_2023p.pdf.js	Видаткова_накладная_№121_вiд_18_липня_2023p.zip	a	edit-similarity	0.88		
	review	none	string	Software	ROMFUSClient.exe	rfusclient.exe	a	edit-similarity	0.875		
	review	none	string	Software	inf.zip	info.zip	a	edit-similarity	0.875		
	review	registry-conflict	both	Software	Microsoft Windows Server 2008 for 32-bit Systems SP2	Microsoft Windows Server 2008 for x64-based Systems SP2	a	edit-similarity	0.8727	Windows Server 2008	
	review	none	both	Software	cpcrs.exe (DoubleZero)	csrss.exe (DoubleZero)	a	edit-similarity	0.8636	DoubleZero	
	review	one-sided-digits	both	Software	AutoIt	AutoIt3	a	edit-similarity	0.8571	AutoIt	
different	different	differing-digits	string	Software	CVE-2020-3120	CVE-2021-31207	a	edit-similarity	0.8571		
different	different	differing-digits	string	Software	CVE-2020-35730	CVE-2020-3760	a	edit-similarity	0.8571		
different	different	differing-digits	string	Software	CVE-2021-34473	CVE-2021-34523	a	edit-similarity	0.8571		
different	different	differing-digits	string	Software	CVE-2021-44026	CVE-2021-44228	a	edit-similarity	0.8571		
	review	none	both	Software	CVE-2023-38831	WinRAR CVE-2023-38831	a	identifier	0.8571	CVE-2023-38831	
	review	one-sided-digits	both	Software	Microsoft Exchange Server	Microsoft Exchange Server 2010	a	edit-similarity	0.8571	Microsoft Exchange Server	
	review	one-sided-digits	both	Software	Microsoft Exchange Server	Microsoft Exchange Server 2013	a	edit-similarity	0.8571	Microsoft Exchange Server	
	review	one-sided-digits	both	Software	Microsoft Exchange Server	Microsoft Exchange Server 2016	a	edit-similarity	0.8571	Microsoft Exchange Server	
	review	one-sided-digits	both	Software	Microsoft Exchange Server	Microsoft Exchange Server 2019	a	edit-similarity	0.8571	Microsoft Exchange Server	
	review	none	string	Software	OpenSSH	OpenSSL	a	edit-similarity	0.8571		
	review	registry-conflict	both	Software	TRYxaEbX.ps1	TRYxaEbX_2.ps1	a	edit-similarity	0.8571	TRYxaEbX	
	review	none	string	Software	Microsoft Windows	Microsoft Windows XP	a	edit-similarity	0.85		
different	different	differing-digits	string	Software	CVE-2017-0144	CVE-2017-0199	a	edit-similarity	0.8462		
different	different	differing-digits	string	Software	CVE-2018-0854	CVE-2018-0958	a	edit-similarity	0.8462		
different	different	differing-digits	string	Software	CVE-2018-8120	CVE-2018-8132	a	edit-similarity	0.8462		
different	different	differing-digits	string	Software	CVE-2018-8120	CVE-2018-8134	a	edit-similarity	0.8462		
different	different	differing-digits	string	Software	CVE-2018-8120	CVE-2018-8136	a	edit-similarity	0.8462		
different	different	differing-digits	string	Software	CVE-2018-8120	CVE-2018-8141	a	edit-similarity	0.8462		
different	different	differing-digits	string	Software	CVE-2018-8120	CVE-2018-8174	a	edit-similarity	0.8462		
different	different	differing-digits	string	Software	CVE-2018-8124	CVE-2018-8132	a	edit-similarity	0.8462		
different	different	differing-digits	string	Software	CVE-2018-8124	CVE-2018-8136	a	edit-similarity	0.8462		
different	different	differing-digits	string	Software	CVE-2018-8124	CVE-2018-8141	a	edit-similarity	0.8462		
different	different	differing-digits	string	Software	CVE-2018-8124	CVE-2018-8170	a	edit-similarity	0.8462		
different	different	differing-digits	string	Software	CVE-2018-8127	CVE-2018-8132	a	edit-similarity	0.8462		
different	different	differing-digits	string	Software	CVE-2018-8127	CVE-2018-8134	a	edit-similarity	0.8462		
different	different	differing-digits	string	Software	CVE-2018-8127	CVE-2018-8136	a	edit-similarity	0.8462		
different	different	differing-digits	string	Software	CVE-2018-8127	CVE-2018-8141	a	edit-similarity	0.8462		
different	different	differing-digits	string	Software	CVE-2018-8127	CVE-2018-8170	a	edit-similarity	0.8462		
different	different	differing-digits	string	Software	CVE-2018-8127	CVE-2018-8174	a	edit-similarity	0.8462		
different	different	differing-digits	string	Software	CVE-2018-8127	CVE-2018-8897	a	edit-similarity	0.8462		
different	different	differing-digits	string	Software	CVE-2018-8129	CVE-2018-8132	a	edit-similarity	0.8462		
different	different	differing-digits	string	Software	CVE-2018-8129	CVE-2018-8134	a	edit-similarity	0.8462		
different	different	differing-digits	string	Software	CVE-2018-8129	CVE-2018-8136	a	edit-similarity	0.8462		
different	different	differing-digits	string	Software	CVE-2018-8129	CVE-2018-8141	a	edit-similarity	0.8462		
different	different	differing-digits	string	Software	CVE-2018-8129	CVE-2018-8170	a	edit-similarity	0.8462		
different	different	differing-digits	string	Software	CVE-2018-8129	CVE-2018-8174	a	edit-similarity	0.8462		
different	different	differing-digits	string	Software	CVE-2018-8132	CVE-2018-8141	a	edit-similarity	0.8462		
different	different	differing-digits	string	Software	CVE-2018-8132	CVE-2018-8170	a	edit-similarity	0.8462		
different	different	differing-digits	string	Software	CVE-2018-8132	CVE-2018-8174	a	edit-similarity	0.8462		
different	different	differing-digits	string	Software	CVE-2018-8134	CVE-2018-8141	a	edit-similarity	0.8462		
different	different	differing-digits	string	Software	CVE-2018-8134	CVE-2018-8170	a	edit-similarity	0.8462		
different	different	differing-digits	string	Software	CVE-2018-8136	CVE-2018-8141	a	edit-similarity	0.8462		
different	different	differing-digits	string	Software	CVE-2018-8136	CVE-2018-8170	a	edit-similarity	0.8462		
different	different	differing-digits	string	Software	CVE-2018-8136	CVE-2018-8174	a	edit-similarity	0.8462		
different	different	differing-digits	string	Software	CVE-2018-8141	CVE-2018-8170	a	edit-similarity	0.8462		
different	different	differing-digits	string	Software	CVE-2018-8141	CVE-2018-8174	a	edit-similarity	0.8462		
different	different	differing-digits	string	Software	CVE-2020-0601	CVE-2020-0610	a	edit-similarity	0.8462		
different	different	differing-digits	string	Software	CVE-2020-0609	CVE-2020-0610	a	edit-similarity	0.8462		
different	different	differing-digits	string	Software	CVE-2020-0609	CVE-2020-0611	a	edit-similarity	0.8462		
different	different	differing-digits	string	Software	CVE-2020-0610	CVE-2020-3110	a	edit-similarity	0.8462		
different	different	differing-digits	string	Software	CVE-2020-0611	CVE-2020-3111	a	edit-similarity	0.8462		
different	different	differing-digits	string	Software	CVE-2020-3110	CVE-2020-3125	a	edit-similarity	0.8462		
different	different	differing-digits	string	Software	CVE-2020-3110	CVE-2020-3179	a	edit-similarity	0.8462		
different	different	differing-digits	string	Software	CVE-2020-3110	CVE-2020-3187	a	edit-similarity	0.8462		
different	different	differing-digits	string	Software	CVE-2020-3110	CVE-2020-3189	a	edit-similarity	0.8462		
different	different	differing-digits	string	Software	CVE-2020-3110	CVE-2020-3191	a	edit-similarity	0.8462		
different	different	differing-digits	string	Software	CVE-2020-3110	CVE-2020-3195	a	edit-similarity	0.8462		
different	different	differing-digits	string	Software	CVE-2020-3110	CVE-2020-3196	a	edit-similarity	0.8462		
different	different	differing-digits	string	Software	CVE-2020-3110	CVE-2020-3760	a	edit-similarity	0.8462		
different	different	differing-digits	string	Software	CVE-2020-3111	CVE-2020-3120	a	edit-similarity	0.8462		
different	different	differing-digits	string	Software	CVE-2020-3111	CVE-2020-3125	a	edit-similarity	0.8462		
different	different	differing-digits	string	Software	CVE-2020-3111	CVE-2020-3179	a	edit-similarity	0.8462		
different	different	differing-digits	string	Software	CVE-2020-3111	CVE-2020-3187	a	edit-similarity	0.8462		
different	different	differing-digits	string	Software	CVE-2020-3111	CVE-2020-3189	a	edit-similarity	0.8462		
different	different	differing-digits	string	Software	CVE-2020-3111	CVE-2020-3195	a	edit-similarity	0.8462		
different	different	differing-digits	string	Software	CVE-2020-3111	CVE-2020-3196	a	edit-similarity	0.8462		
different	different	differing-digits	string	Software	CVE-2020-3111	CVE-2020-3741	a	edit-similarity	0.8462		
different	different	differing-digits	string	Software	CVE-2020-3118	CVE-2020-3120	a	edit-similarity	0.8462		
different	different	differing-digits	string	Software	CVE-2020-3118	CVE-2020-3125	a	edit-similarity	0.8462		
different	different	differing-digits	string	Software	CVE-2020-3118	CVE-2020-3179	a	edit-similarity	0.8462		
different	different	differing-digits	string	Software	CVE-2020-3118	CVE-2020-3187	a	edit-similarity	0.8462		
different	different	differing-digits	string	Software	CVE-2020-3118	CVE-2020-3189	a	edit-similarity	0.8462		
different	different	differing-digits	string	Software	CVE-2020-3118	CVE-2020-3191	a	edit-similarity	0.8462		
different	different	differing-digits	string	Software	CVE-2020-3118	CVE-2020-3195	a	edit-similarity	0.8462		
different	different	differing-digits	string	Software	CVE-2020-3118	CVE-2020-3196	a	edit-similarity	0.8462		
different	different	differing-digits	string	Software	CVE-2020-3118	CVE-2020-3298	a	edit-similarity	0.8462		
different	different	differing-digits	string	Software	CVE-2020-3119	CVE-2020-3120	a	edit-similarity	0.8462		
different	different	differing-digits	string	Software	CVE-2020-3119	CVE-2020-3125	a	edit-similarity	0.8462		
different	different	differing-digits	string	Software	CVE-2020-3119	CVE-2020-3187	a	edit-similarity	0.8462		
different	different	differing-digits	string	Software	CVE-2020-3119	CVE-2020-3191	a	edit-similarity	0.8462		
different	different	differing-digits	string	Software	CVE-2020-3119	CVE-2020-3195	a	edit-similarity	0.8462		
different	different	differing-digits	string	Software	CVE-2020-3119	CVE-2020-3196	a	edit-similarity	0.8462		
different	different	differing-digits	string	Software	CVE-2020-3119	CVE-2020-3259	a	edit-similarity	0.8462		
different	different	differing-digits	string	Software	CVE-2020-3119	CVE-2020-3759	a	edit-similarity	0.8462		
different	different	differing-digits	string	Software	CVE-2020-3120	CVE-2020-3179	a	edit-similarity	0.8462		
different	different	differing-digits	string	Software	CVE-2020-3120	CVE-2020-3187	a	edit-similarity	0.8462		
different	different	differing-digits	string	Software	CVE-2020-3120	CVE-2020-3189	a	edit-similarity	0.8462		
different	different	differing-digits	string	Software	CVE-2020-3120	CVE-2020-3191	a	edit-similarity	0.8462		
different	different	differing-digits	string	Software	CVE-2020-3120	CVE-2020-3195	a	edit-similarity	0.8462		
different	different	differing-digits	string	Software	CVE-2020-3120	CVE-2020-3196	a	edit-similarity	0.8462		
different	different	differing-digits	string	Software	CVE-2020-3120	CVE-2020-3760	a	edit-similarity	0.8462		
different	different	differing-digits	string	Software	CVE-2020-3125	CVE-2020-3179	a	edit-similarity	0.8462		
different	different	differing-digits	string	Software	CVE-2020-3125	CVE-2020-3187	a	edit-similarity	0.8462		
different	different	differing-digits	string	Software	CVE-2020-3125	CVE-2020-3189	a	edit-similarity	0.8462		
different	different	differing-digits	string	Software	CVE-2020-3125	CVE-2020-3191	a	edit-similarity	0.8462		
different	different	differing-digits	string	Software	CVE-2020-3125	CVE-2020-3196	a	edit-similarity	0.8462		
different	different	differing-digits	string	Software	CVE-2020-3125	CVE-2020-3254	a	edit-similarity	0.8462		
different	different	differing-digits	string	Software	CVE-2020-3125	CVE-2020-3255	a	edit-similarity	0.8462		
different	different	differing-digits	string	Software	CVE-2020-3125	CVE-2020-3259	a	edit-similarity	0.8462		
different	different	differing-digits	string	Software	CVE-2020-3179	CVE-2020-3187	a	edit-similarity	0.8462		
different	different	differing-digits	string	Software	CVE-2020-3179	CVE-2020-3191	a	edit-similarity	0.8462		
different	different	differing-digits	string	Software	CVE-2020-3179	CVE-2020-3195	a	edit-similarity	0.8462		
different	different	differing-digits	string	Software	CVE-2020-3179	CVE-2020-3196	a	edit-similarity	0.8462		
different	different	differing-digits	string	Software	CVE-2020-3179	CVE-2020-3259	a	edit-similarity	0.8462		
different	different	differing-digits	string	Software	CVE-2020-3179	CVE-2020-3759	a	edit-similarity	0.8462		
different	different	differing-digits	string	Software	CVE-2020-3187	CVE-2020-3191	a	edit-similarity	0.8462		
different	different	differing-digits	string	Software	CVE-2020-3187	CVE-2020-3195	a	edit-similarity	0.8462		
different	different	differing-digits	string	Software	CVE-2020-3187	CVE-2020-3196	a	edit-similarity	0.8462		
different	different	differing-digits	string	Software	CVE-2020-3187	CVE-2020-3283	a	edit-similarity	0.8462		
different	different	differing-digits	string	Software	CVE-2020-3187	CVE-2020-3757	a	edit-similarity	0.8462		
different	different	differing-digits	string	Software	CVE-2020-3189	CVE-2020-3191	a	edit-similarity	0.8462		
different	different	differing-digits	string	Software	CVE-2020-3189	CVE-2020-3195	a	edit-similarity	0.8462		
different	different	differing-digits	string	Software	CVE-2020-3189	CVE-2020-3196	a	edit-similarity	0.8462		
different	different	differing-digits	string	Software	CVE-2020-3189	CVE-2020-3259	a	edit-similarity	0.8462		
different	different	differing-digits	string	Software	CVE-2020-3189	CVE-2020-3283	a	edit-similarity	0.8462		
different	different	differing-digits	string	Software	CVE-2020-3189	CVE-2020-3759	a	edit-similarity	0.8462		
different	different	differing-digits	string	Software	CVE-2020-3191	CVE-2020-3298	a	edit-similarity	0.8462		
different	different	differing-digits	string	Software	CVE-2020-3191	CVE-2020-3741	a	edit-similarity	0.8462		
different	different	differing-digits	string	Software	CVE-2020-3195	CVE-2020-3255	a	edit-similarity	0.8462		
different	different	differing-digits	string	Software	CVE-2020-3195	CVE-2020-3298	a	edit-similarity	0.8462		
different	different	differing-digits	string	Software	CVE-2020-3196	CVE-2020-3298	a	edit-similarity	0.8462		
different	different	differing-digits	string	Software	CVE-2020-3254	CVE-2020-3283	a	edit-similarity	0.8462		
different	different	differing-digits	string	Software	CVE-2020-3254	CVE-2020-3298	a	edit-similarity	0.8462		
different	different	differing-digits	string	Software	CVE-2020-3254	CVE-2020-3757	a	edit-similarity	0.8462		
different	different	differing-digits	string	Software	CVE-2020-3254	CVE-2020-3759	a	edit-similarity	0.8462		
different	different	differing-digits	string	Software	CVE-2020-3255	CVE-2020-3283	a	edit-similarity	0.8462		
different	different	differing-digits	string	Software	CVE-2020-3255	CVE-2020-3298	a	edit-similarity	0.8462		
different	different	differing-digits	string	Software	CVE-2020-3255	CVE-2020-3757	a	edit-similarity	0.8462		
different	different	differing-digits	string	Software	CVE-2020-3255	CVE-2020-3759	a	edit-similarity	0.8462		
different	different	differing-digits	string	Software	CVE-2020-3259	CVE-2020-3283	a	edit-similarity	0.8462		
different	different	differing-digits	string	Software	CVE-2020-3259	CVE-2020-3298	a	edit-similarity	0.8462		
different	different	differing-digits	string	Software	CVE-2020-3259	CVE-2020-3757	a	edit-similarity	0.8462		
different	different	differing-digits	string	Software	CVE-2020-3283	CVE-2020-3298	a	edit-similarity	0.8462		
different	different	differing-digits	string	Software	CVE-2020-3741	CVE-2020-3757	a	edit-similarity	0.8462		
different	different	differing-digits	string	Software	CVE-2020-3741	CVE-2020-3759	a	edit-similarity	0.8462		
different	different	differing-digits	string	Software	CVE-2020-3741	CVE-2020-3760	a	edit-similarity	0.8462		
different	different	differing-digits	string	Software	CVE-2020-3757	CVE-2020-3760	a	edit-similarity	0.8462		
different	different	differing-digits	string	Software	CVE-2020-3759	CVE-2020-3760	a	edit-similarity	0.8462		
	review	registry-conflict	both	Software	GandCrab v4	GandCrab v4.1	a	edit-similarity	0.8462	GandCrab	
	review	registry-conflict	both	Software	Microsoft Windows 7 for 32-bit Systems SP1	Microsoft Windows 7 for x64-based Systems SP1	a	edit-similarity	0.8444	Windows 7	
	review	none	string	Software	GoDownloader	jDownloader	a	edit-similarity	0.8333		
	review	none	string	Software	RemCom	Remcos	a	edit-similarity	0.8333		
	review	none	string	Software	RemCom	RomCom	a	edit-similarity	0.8333		
different	different	differing-digits	string	Software	Microsoft Windows Server 2008 R2 for Itanium-based Systems SP1	Microsoft Windows Server 2008 for x64-based Systems SP2	a	edit-similarity	0.8226		
	review	none	string	Software	Cisco FXOS	Cisco NX-OS	a	edit-similarity	0.8182		
	review	registry-conflict	both	Software	Office 2007	Office 2010	a	edit-similarity	0.8182	Microsoft Office	
	review	registry-conflict	both	Software	Office 2007	Office 2013	a	edit-similarity	0.8182	Microsoft Office	
	review	registry-conflict	both	Software	Office 2007	Office 2016	a	edit-similarity	0.8182	Microsoft Office	
different	different	differing-digits	string	Software	Microsoft Windows Server 2008 R2 for x64-based Systems SP1	Microsoft Windows Server 2008 for Itanium-based Systems SP2	a	edit-similarity	0.8136		
	review	registry-conflict	both	Software	Microsoft Windows Server 2008 for 32-bit Systems SP2	Microsoft Windows Server 2008 for Itanium-based Systems SP2	a	edit-similarity	0.8136	Windows Server 2008	
	review	registry-conflict	both	Software	GammaLoad.PS1	GammaLoad.PS1_v2	a	edit-similarity	0.8125	GammaLoad	
different	different	differing-digits	string	Software	Microsoft Windows Server 2008 R2 for x64-based Systems SP1	Microsoft Windows Server 2008 for 32-bit Systems SP2	a	edit-similarity	0.8103		
	review	one-sided-digits	string	Software	Microsoft Office 2007	Microsoft Office Word	a	edit-similarity	0.8095		
	review	one-sided-digits	string	Software	Microsoft Office 2010	Microsoft Office Word	a	edit-similarity	0.8095		
	review	one-sided-digits	string	Software	Microsoft Office 2013	Microsoft Office Word	a	edit-similarity	0.8095		
	review	one-sided-digits	string	Software	Microsoft Office 2016	Microsoft Office Word	a	edit-similarity	0.8095		
	review	one-sided-digits	string	Software	Microsoft Office 2019	Microsoft Office Word	a	edit-similarity	0.8095		
	review	none	string	Software	Cisco FXOS	Cisco IOS	a	edit-similarity	0.8		
	review	none	string	Software	Cisco IOS	Cisco IOS XE	a	edit-similarity	0.8		
	review	none	string	Software	Cisco IOS	Cisco IOS XR	a	edit-similarity	0.8		
	review	none	string	Software	MSCommonDriver.DCRat.exe	MSCommonDriver.exe	a	edit-similarity	0.8		
	review	none	string	Software	Microsoft Edge	Microsoft Excel	a	edit-similarity	0.8		
	review	one-sided-digits	both	Software	Microsoft Office	Microsoft Office 2007	a	edit-similarity	0.8	Microsoft Office	
	review	one-sided-digits	both	Software	Microsoft Office	Microsoft Office 2010	a	edit-similarity	0.8	Microsoft Office	
	review	one-sided-digits	both	Software	Microsoft Office	Microsoft Office 2013	a	edit-similarity	0.8	Microsoft Office	
	review	one-sided-digits	both	Software	Microsoft Office	Microsoft Office 2016	a	edit-similarity	0.8	Microsoft Office	
	review	one-sided-digits	both	Software	Microsoft Office	Microsoft Office 2019	a	edit-similarity	0.8	Microsoft Office	
	review	none	string	Software	Microsoft Office	Microsoft Office Word	a	edit-similarity	0.8		
	review	none	both	Software	Microsoft Office 2007	Office 2007	a	edit-similarity	0.8	Microsoft Office	
	review	none	both	Software	Microsoft Office 2010	Office 2010	a	edit-similarity	0.8	Microsoft Office	
	review	none	both	Software	Microsoft Office 2013	Office 2013	a	edit-similarity	0.8	Microsoft Office	
	review	none	both	Software	Microsoft Office 2016	Office 2016	a	edit-similarity	0.8	Microsoft Office	
	review	none	both	Software	Microsoft Office Word	Microsoft Word	a	edit-similarity	0.8	Microsoft Word	
	review	none	both	Software	Remote Utilities	Remote Utilities - Host	a	edit-similarity	0.8	Remote Utilities	
	review	none	both	Software	SPECTR.Fs	SPECTR.Usb	a	edit-similarity	0.8	SPECTR	
	review	none	string	Software	VMware Fusion	VMware Fusion Pro	a	edit-similarity	0.8		
	review	none	string	Software	VMware Workstation Player	VMware Workstation Pro	a	edit-similarity	0.8		
different	different	differing-digits	string	Software	Windows 10	Windows 7	a	edit-similarity	0.8		
same	same	decorated-identifier	string	Software	csrss.exe	csrss.exe (DoubleZero)	a	edit-similarity	0.8		
	review	none	string	Software	Диверсанти filercs.rar	Диверсанти.rar	a	edit-similarity	0.8		
	review	none	string	Software	501_25_103.lnk	501_25_103.zip	a	edit-similarity	0.7857		
different	different	differing-digits	string	Software	CVE-2017-0144	CVE-2017-14491	a	edit-similarity	0.7857		
different	different	differing-digits	string	Software	CVE-2017-11882	CVE-2017-17688	a	edit-similarity	0.7857		
different	different	differing-digits	string	Software	CVE-2017-11882	CVE-2017-17689	a	edit-similarity	0.7857		
different	different	differing-digits	string	Software	CVE-2017-11882	CVE-2018-6882	a	edit-similarity	0.7857		
different	different	differing-digits	string	Software	CVE-2017-17688	CVE-2019-17666	a	edit-similarity	0.7857		
different	different	differing-digits	string	Software	CVE-2017-17689	CVE-2017-8759	a	edit-similarity	0.7857		
different	different	differing-digits	string	Software	CVE-2017-17689	CVE-2019-17666	a	edit-similarity	0.7857		
different	different	differing-digits	string	Software	CVE-2018-0854	CVE-2018-20250	a	edit-similarity	0.7857		
different	different	differing-digits	string	Software	CVE-2018-0854	CVE-2018-20251	a	edit-similarity	0.7857		
different	different	differing-digits	string	Software	CVE-2018-0854	CVE-2018-20252	a	edit-similarity	0.7857		
different	different	differing-digits	string	Software	CVE-2018-0854	CVE-2018-20253	a	edit-similarity	0.7857		
different	different	differing-digits	string	Software	CVE-2018-0958	CVE-2018-20250	a	edit-similarity	0.7857		
different	different	differing-digits	string	Software	CVE-2018-0958	CVE-2018-20251	a	edit-similarity	0.7857		
different	different	differing-digits	string	Software	CVE-2018-0958	CVE-2018-20252	a	edit-similarity	0.7857		
different	different	differing-digits	string	Software	CVE-2018-0958	CVE-2018-20253	a	edit-similarity	0.7857		
different	different	differing-digits	string	Software	CVE-2018-20250	CVE-2018-8120	a	edit-similarity	0.7857		
different	different	differing-digits	string	Software	CVE-2020-0601	CVE-2020-12641	a	edit-similarity	0.7857		
different	different	differing-digits	string	Software	CVE-2020-0611	CVE-2020-12641	a	edit-similarity	0.7857		
different	different	differing-digits	string	Software	CVE-2020-12641	CVE-2020-3254	a	edit-similarity	0.7857		
different	different	differing-digits	string	Software	CVE-2020-12641	CVE-2020-3741	a	edit-similarity	0.7857		
different	different	differing-digits	string	Software	CVE-2020-12641	CVE-2021-32648	a	edit-similarity	0.7857		
different	different	differing-digits	string	Software	CVE-2020-3110	CVE-2020-35730	a	edit-similarity	0.7857		
different	different	differing-digits	string	Software	CVE-2020-3110	CVE-2021-31207	a	edit-similarity	0.7857		
different	different	differing-digits	string	Software	CVE-2020-3110	CVE-2022-30190	a	edit-similarity	0.7857		
different	different	differing-digits	string	Software	CVE-2020-3111	CVE-2022-23131	a	edit-similarity	0.7857		
different	different	differing-digits	string	Software	CVE-2020-3119	CVE-2022-30190	a	edit-similarity	0.7857		
different	different	differing-digits	string	Software	CVE-2020-3120	CVE-2020-35730	a	edit-similarity	0.7857		
different	different	differing-digits	string	Software	CVE-2020-3120	CVE-2022-30190	a	edit-similarity	0.7857		
different	different	differing-digits	string	Software	CVE-2020-3125	CVE-2021-31207	a	edit-similarity	0.7857		
different	different	differing-digits	string	Software	CVE-2020-3179	CVE-2020-35730	a	edit-similarity	0.7857		
different	different	differing-digits	string	Software	CVE-2020-3187	CVE-2021-31207	a	edit-similarity	0.7857		
different	different	differing-digits	string	Software	CVE-2020-3191	CVE-2022-23131	a	edit-similarity	0.7857		
different	different	differing-digits	string	Software	CVE-2020-3191	CVE-2022-30190	a	edit-similarity	0.7857		
different	different	differing-digits	string	Software	CVE-2020-3195	CVE-2022-30190	a	edit-similarity	0.7857		
different	different	differing-digits	string	Software	CVE-2020-3196	CVE-2022-30190	a	edit-similarity	0.7857		
different	different	differing-digits	string	Software	CVE-2020-3254	CVE-2021-32648	a	edit-similarity	0.7857		
different	different	differing-digits	string	Software	CVE-2020-3283	CVE-2020-35730	a	edit-similarity	0.7857		
different	different	differing-digits	string	Software	CVE-2020-3283	CVE-2023-38831	a	edit-similarity	0.7857		
different	different	differing-digits	string	Software	CVE-2020-3283	CVE-2024-38213	a	edit-similarity	0.7857		
different	different	differing-digits	string	Software	CVE-2020-3298	CVE-2021-32648	a	edit-similarity	0.7857		
different	different	differing-digits	string	Software	CVE-2020-35730	CVE-2020-3741	a	edit-similarity	0.7857		
different	different	differing-digits	string	Software	CVE-2020-35730	CVE-2020-3757	a	edit-similarity	0.7857		
different	different	differing-digits	string	Software	CVE-2020-35730	CVE-2020-3759	a	edit-similarity	0.7857		
different	different	differing-digits	string	Software	CVE-2020-3760	CVE-2023-43770	a	edit-similarity	0.7857		
different	different	differing-digits	string	Software	CVE-2021-26855	CVE-2021-27065	a	edit-similarity	0.7857		
different	different	differing-digits	string	Software	CVE-2021-26858	CVE-2021-32648	a	edit-similarity	0.7857		
different	different	differing-digits	string	Software	CVE-2021-31207	CVE-2022-21907	a	edit-similarity	0.7857		
different	different	differing-digits	string	Software	CVE-2021-34523	CVE-2021-44026	a	edit-similarity	0.7857		
different	different	differing-digits	string	Software	CVE-2021-34523	CVE-2021-44228	a	edit-similarity	0.7857		
different	different	differing-digits	string	Software	CVE-2021-34523	CVE-2022-24521	a	edit-similarity	0.7857		
different	different	differing-digits	string	Software	CVE-2022-21907	CVE-2022-30190	a	edit-similarity	0.7857		
different	different	differing-digits	string	Software	CVE-2022-23131	CVE-2022-24521	a	edit-similarity	0.7857		
	review	none	string	Software	CocCoc Browser	Coowon Browser	a	edit-similarity	0.7857		
	review	one-sided-digits	both	Software	GammaSteel.NET	GammaSteel.PS1	a	edit-similarity	0.7857	GammaSteel	
	review	none	string	Software	Kometa Browser	Opera Browser	a	edit-similarity	0.7857		
different	different	differing-digits	string	Software	Microsoft Windows 7 for x64-based Systems SP1	Microsoft Windows Server 2008 for x64-based Systems SP2	a	edit-similarity	0.7818		
	review	none	string	Software	ChromePlus Browser	Chromium Browser	a	edit-similarity	0.7778		
different	different	differing-digits	string	Software	Microsoft Windows 7 for x64-based Systems SP1	Microsoft Windows Server 2008 R2 for x64-based Systems SP1	a	edit-similarity	0.7778		
	review	one-sided-digits	string	Software	Windows	Windows 7	a	edit-similarity	0.7778		
	review	none	string	Software	crsse.exe	csrss.exe	a	edit-similarity	0.7778		
	review	none	string	Software	Brave Browser	Uran Browser	a	edit-similarity	0.7692		
different	different	differing-digits	string	Software	CVE-2017-0144	CVE-2018-0854	a	edit-similarity	0.7692		
different	different	differing-digits	string	Software	CVE-2017-0144	CVE-2018-8124	a	edit-similarity	0.7692		
different	different	differing-digits	string	Software	CVE-2017-0144	CVE-2018-8134	a	edit-similarity	0.7692		
different	different	differing-digits	string	Software	CVE-2017-0144	CVE-2018-8141	a	edit-similarity	0.7692		
different	different	differing-digits	string	Software	CVE-2017-0144	CVE-2018-8174	a	edit-similarity	0.7692		
different	different	differing-digits	string	Software	CVE-2017-0199	CVE-2017-8759	a	edit-similarity	0.7692		
different	different	differing-digits	string	Software	CVE-2017-0199	CVE-2018-8129	a	edit-similarity	0.7692		
different	different	differing-digits	string	Software	CVE-2017-8759	CVE-2018-8129	a	edit-similarity	0.7692		
different	different	differing-digits	string	Software	CVE-2017-8759	CVE-2020-3759	a	edit-similarity	0.7692		
different	different	differing-digits	string	Software	CVE-2018-0854	CVE-2018-6882	a	edit-similarity	0.7692		
different	different	differing-digits	string	Software	CVE-2018-0854	CVE-2018-8124	a	edit-similarity	0.7692		
different	different	differing-digits	string	Software	CVE-2018-0854	CVE-2018-8134	a	edit-similarity	0.7692		
different	different	differing-digits	string	Software	CVE-2018-0854	CVE-2018-8141	a	edit-similarity	0.7692		
different	different	differing-digits	string	Software	CVE-2018-0854	CVE-2018-8174	a	edit-similarity	0.7692		
different	different	differing-digits	string	Software	CVE-2018-0854	CVE-2018-8897	a	edit-similarity	0.7692		
different	different	differing-digits	string	Software	CVE-2018-0958	CVE-2019-0708	a	edit-similarity	0.7692		
different	different	differing-digits	string	Software	CVE-2018-6882	CVE-2018-7602	a	edit-similarity	0.7692		
different	different	differing-digits	string	Software	CVE-2018-6882	CVE-2018-8120	a	edit-similarity	0.7692		
different	different	differing-digits	string	Software	CVE-2018-6882	CVE-2018-8124	a	edit-similarity	0.7692		
different	different	differing-digits	string	Software	CVE-2018-6882	CVE-2018-8127	a	edit-similarity	0.7692		
different	different	differing-digits	string	Software	CVE-2018-6882	CVE-2018-8129	a	edit-similarity	0.7692		
different	different	differing-digits	string	Software	CVE-2018-6882	CVE-2018-8132	a	edit-similarity	0.7692		
different	different	differing-digits	string	Software	CVE-2018-6882	CVE-2018-8897	a	edit-similarity	0.7692		
different	different	differing-digits	string	Software	CVE-2018-7600	CVE-2018-8120	a	edit-similarity	0.7692		
different	different	differing-digits	string	Software	CVE-2018-7600	CVE-2018-8170	a	edit-similarity	0.7692		
different	different	differing-digits	string	Software	CVE-2018-7602	CVE-2018-8132	a	edit-similarity	0.7692		
different	different	differing-digits	string	Software	CVE-2018-8120	CVE-2018-8897	a	edit-similarity	0.7692		
different	different	differing-digits	string	Software	CVE-2018-8120	CVE-2020-3120	a	edit-similarity	0.7692		
different	different	differing-digits	string	Software	CVE-2018-8124	CVE-2018-8897	a	edit-similarity	0.7692		
different	different	differing-digits	string	Software	CVE-2018-8129	CVE-2018-8897	a	edit-similarity	0.7692		
different	different	differing-digits	string	Software	CVE-2018-8132	CVE-2018-8897	a	edit-similarity	0.7692		
different	different	differing-digits	string	Software	CVE-2018-8134	CVE-2018-8897	a	edit-similarity	0.7692		
different	different	differing-digits	string	Software	CVE-2018-8136	CVE-2018-8897	a	edit-similarity	0.7692		
different	different	differing-digits	string	Software	CVE-2018-8141	CVE-2018-8897	a	edit-similarity	0.7692		
different	different	differing-digits	string	Software	CVE-2018-8170	CVE-2018-8897	a	edit-similarity	0.7692		
different	different	differing-digits	string	Software	CVE-2018-8174	CVE-2018-8897	a	edit-similarity	0.7692		
different	different	differing-digits	string	Software	CVE-2020-0601	CVE-2020-3111	a	edit-similarity	0.7692		
different	different	differing-digits	string	Software	CVE-2020-0601	CVE-2020-3191	a	edit-similarity	0.7692		
different	different	differing-digits	string	Software	CVE-2020-0601	CVE-2020-3741	a	edit-similarity	0.7692		
different	different	differing-digits	string	Software	CVE-2020-0601	CVE-2020-3760	a	edit-similarity	0.7692		
different	different	differing-digits	string	Software	CVE-2020-0609	CVE-2020-3119	a	edit-similarity	0.7692		
different	different	differing-digits	string	Software	CVE-2020-0609	CVE-2020-3179	a	edit-similarity	0.7692		
different	different	differing-digits	string	Software	CVE-2020-0609	CVE-2020-3189	a	edit-similarity	0.7692		
different	different	differing-digits	string	Software	CVE-2020-0609	CVE-2020-3259	a	edit-similarity	0.7692		
different	different	differing-digits	string	Software	CVE-2020-0609	CVE-2020-3759	a	edit-similarity	0.7692		
different	different	differing-digits	string	Software	CVE-2020-0609	CVE-2020-3760	a	edit-similarity	0.7692		
different	different	differing-digits	string	Software	CVE-2020-0610	CVE-2020-3111	a	edit-similarity	0.7692		
different	different	differing-digits	string	Software	CVE-2020-0610	CVE-2020-3118	a	edit-similarity	0.7692		
different	different	differing-digits	string	Software	CVE-2020-0610	CVE-2020-3119	a	edit-similarity	0.7692		
different	different	differing-digits	string	Software	CVE-2020-0610	CVE-2020-3120	a	edit-similarity	0.7692		
different	different	differing-digits	string	Software	CVE-2020-0610	CVE-2020-3760	a	edit-similarity	0.7692		
different	different	differing-digits	string	Software	CVE-2020-0611	CVE-2020-3110	a	edit-similarity	0.7692		
different	different	differing-digits	string	Software	CVE-2020-0611	CVE-2020-3118	a	edit-similarity	0.7692		
different	different	differing-digits	string	Software	CVE-2020-0611	CVE-2020-3119	a	edit-similarity	0.7692		
different	different	differing-digits	string	Software	CVE-2020-0611	CVE-2020-3191	a	edit-similarity	0.7692		
different	different	differing-digits	string	Software	CVE-2020-0611	CVE-2020-3741	a	edit-similarity	0.7692		
different	different	differing-digits	string	Software	CVE-2020-3110	CVE-2020-3254	a	edit-similarity	0.7692		
different	different	differing-digits	string	Software	CVE-2020-3110	CVE-2020-3255	a	edit-similarity	0.7692		
different	different	differing-digits	string	Software	CVE-2020-3110	CVE-2020-3259	a	edit-similarity	0.7692		
different	different	differing-digits	string	Software	CVE-2020-3110	CVE-2020-3283	a	edit-similarity	0.7692		
different	different	differing-digits	string	Software	CVE-2020-3110	CVE-2020-3298	a	edit-similarity	0.7692		
different	different	differing-digits	string	Software	CVE-2020-3110	CVE-2020-3741	a	edit-similarity	0.7692		
different	different	differing-digits	string	Software	CVE-2020-3110	CVE-2020-3757	a	edit-similarity	0.7692		
different	different	differing-digits	string	Software	CVE-2020-3110	CVE-2020-3759	a	edit-similarity	0.7692		
different	different	differing-digits	string	Software	CVE-2020-3111	CVE-2020-3254	a	edit-similarity	0.7692		
different	different	differing-digits	string	Software	CVE-2020-3111	CVE-2020-3255	a	edit-similarity	0.7692		
different	different	differing-digits	string	Software	CVE-2020-3111	CVE-2020-3259	a	edit-similarity	0.7692		
different	different	differing-digits	string	Software	CVE-2020-3111	CVE-2020-3283	a	edit-similarity	0.7692		
different	different	differing-digits	string	Software	CVE-2020-3111	CVE-2020-3298	a	edit-similarity	0.7692		
different	different	differing-digits	string	Software	CVE-2020-3111	CVE-2020-3757	a	edit-similarity	0.7692		
different	different	differing-digits	string	Software	CVE-2020-3111	CVE-2020-3759	a	edit-similarity	0.7692		
different	different	differing-digits	string	Software	CVE-2020-3111	CVE-2020-3760	a	edit-similarity	0.7692		
different	different	differing-digits	string	Software	CVE-2020-3118	CVE-2020-3254	a	edit-similarity	0.7692		
different	different	differing-digits	string	Software	CVE-2020-3118	CVE-2020-3255	a	edit-similarity	0.7692		
different	different	differing-digits	string	Software	CVE-2020-3118	CVE-2020-3259	a	edit-similarity	0.7692		
different	different	differing-digits	string	Software	CVE-2020-3118	CVE-2020-3283	a	edit-similarity	0.7692		
different	different	differing-digits	string	Software	CVE-2020-3118	CVE-2020-3741	a	edit-similarity	0.7692		
different	different	differing-digits	string	Software	CVE-2020-3118	CVE-2020-3757	a	edit-similarity	0.7692		
different	different	differing-digits	string	Software	CVE-2020-3118	CVE-2020-3759	a	edit-similarity	0.7692		
different	different	differing-digits	string	Software	CVE-2020-3118	CVE-2020-3760	a	edit-similarity	0.7692		
different	different	differing-digits	string	Software	CVE-2020-3118	CVE-2020-7048	a	edit-similarity	0.7692		
different	different	differing-digits	string	Software	CVE-2020-3119	CVE-2020-3254	a	edit-similarity	0.7692		
different	different	differing-digits	string	Software	CVE-2020-3119	CVE-2020-3255	a	edit-similarity	0.7692		
different	different	differing-digits	string	Software	CVE-2020-3119	CVE-2020-3283	a	edit-similarity	0.7692		
different	different	differing-digits	string	Software	CVE-2020-3119	CVE-2020-3298	a	edit-similarity	0.7692		
different	different	differing-digits	string	Software	CVE-2020-3119	CVE-2020-3741	a	edit-similarity	0.7692		
different	different	differing-digits	string	Software	CVE-2020-3119	CVE-2020-3757	a	edit-similarity	0.7692		
different	different	differing-digits	string	Software	CVE-2020-3119	CVE-2020-3760	a	edit-similarity	0.7692		
different	different	differing-digits	string	Software	CVE-2020-3120	CVE-2020-3254	a	edit-similarity	0.7692		
different	different	differing-digits	string	Software	CVE-2020-3120	CVE-2020-3255	a	edit-similarity	0.7692		
different	different	differing-digits	string	Software	CVE-2020-3120	CVE-2020-3259	a	edit-similarity	0.7692		
different	different	differing-digits	string	Software	CVE-2020-3120	CVE-2020-3283	a	edit-similarity	0.7692		
different	different	differing-digits	string	Software	CVE-2020-3120	CVE-2020-3298	a	edit-similarity	0.7692		
different	different	differing-digits	string	Software	CVE-2020-3120	CVE-2020-3741	a	edit-similarity	0.7692		
different	different	differing-digits	string	Software	CVE-2020-3120	CVE-2020-3757	a	edit-similarity	0.7692		
different	different	differing-digits	string	Software	CVE-2020-3120	CVE-2020-3759	a	edit-similarity	0.7692		
different	different	differing-digits	string	Software	CVE-2020-3125	CVE-2020-3283	a	edit-similarity	0.7692		
different	different	differing-digits	string	Software	CVE-2020-3125	CVE-2020-3298	a	edit-similarity	0.7692		
different	different	differing-digits	string	Software	CVE-2020-3125	CVE-2020-3741	a	edit-similarity	0.7692		
different	different	differing-digits	string	Software	CVE-2020-3125	CVE-2020-3757	a	edit-similarity	0.7692		
different	different	differing-digits	string	Software	CVE-2020-3125	CVE-2020-3759	a	edit-similarity	0.7692		
different	different	differing-digits	string	Software	CVE-2020-3125	CVE-2020-3760	a	edit-similarity	0.7692		
different	different	differing-digits	string	Software	CVE-2020-3179	CVE-2020-3254	a	edit-similarity	0.7692		
different	different	differing-digits	string	Software	CVE-2020-3179	CVE-2020-3255	a	edit-similarity	0.7692		
different	different	differing-digits	string	Software	CVE-2020-3179	CVE-2020-3283	a	edit-similarity	0.7692		
different	different	differing-digits	string	Software	CVE-2020-3179	CVE-2020-3298	a	edit-similarity	0.7692		
different	different	differing-digits	string	Software	CVE-2020-3179	CVE-2020-3741	a	edit-similarity	0.7692		
different	different	differing-digits	string	Software	CVE-2020-3179	CVE-2020-3757	a	edit-similarity	0.7692		
different	different	differing-digits	string	Software	CVE-2020-3179	CVE-2020-3760	a	edit-similarity	0.7692		
different	different	differing-digits	string	Software	CVE-2020-3187	CVE-2020-3254	a	edit-similarity	0.7692		
different	different	differing-digits	string	Software	CVE-2020-3187	CVE-2020-3255	a	edit-similarity	0.7692		
different	different	differing-digits	string	Software	CVE-2020-3187	CVE-2020-3259	a	edit-similarity	0.7692		
different	different	differing-digits	string	Software	CVE-2020-3187	CVE-2020-3298	a	edit-similarity	0.7692		
different	different	differing-digits	string	Software	CVE-2020-3187	CVE-2020-3741	a	edit-similarity	0.7692		
different	different	differing-digits	string	Software	CVE-2020-3187	CVE-2020-3759	a	edit-similarity	0.7692		
different	different	differing-digits	string	Software	CVE-2020-3187	CVE-2020-3760	a	edit-similarity	0.7692		
different	different	differing-digits	string	Software	CVE-2020-3187	CVE-2020-7047	a	edit-similarity	0.7692		
different	different	differing-digits	string	Software	CVE-2020-3189	CVE-2020-3254	a	edit-similarity	0.7692		
different	different	differing-digits	string	Software	CVE-2020-3189	CVE-2020-3255	a	edit-similarity	0.7692		
different	different	differing-digits	string	Software	CVE-2020-3189	CVE-2020-3298	a	edit-similarity	0.7692		
different	different	differing-digits	string	Software	CVE-2020-3189	CVE-2020-3741	a	edit-similarity	0.7692		
different	different	differing-digits	string	Software	CVE-2020-3189	CVE-2020-3757	a	edit-similarity	0.7692		
different	different	differing-digits	string	Software	CVE-2020-3189	CVE-2020-3760	a	edit-similarity	0.7692		
different	different	differing-digits	string	Software	CVE-2020-3191	CVE-2020-3254	a	edit-similarity	0.7692		
different	different	differing-digits	string	Software	CVE-2020-3191	CVE-2020-3255	a	edit-similarity	0.7692		
different	different	differing-digits	string	Software	CVE-2020-3191	CVE-2020-3259	a	edit-similarity	0.7692		
different	different	differing-digits	string	Software	CVE-2020-3191	CVE-2020-3283	a	edit-similarity	0.7692		
different	different	differing-digits	string	Software	CVE-2020-3191	CVE-2020-3757	a	edit-similarity	0.7692		
different	different	differing-digits	string	Software	CVE-2020-3191	CVE-2020-3759	a	edit-similarity	0.7692		
different	different	differing-digits	string	Software	CVE-2020-3191	CVE-2020-3760	a	edit-similarity	0.7692		
different	different	differing-digits	string	Software	CVE-2020-3195	CVE-2020-3254	a	edit-similarity	0.7692		
different	different	differing-digits	string	Software	CVE-2020-3195	CVE-2020-3259	a	edit-similarity	0.7692		
different	different	differing-digits	string	Software	CVE-2020-3195	CVE-2020-3283	a	edit-similarity	0.7692		
different	different	differing-digits	string	Software	CVE-2020-3195	CVE-2020-3741	a	edit-similarity	0.7692		
different	different	differing-digits	string	Software	CVE-2020-3195	CVE-2020-3757	a	edit-similarity	0.7692		
different	different	differing-digits	string	Software	CVE-2020-3195	CVE-2020-3759	a	edit-similarity	0.7692		
different	different	differing-digits	string	Software	CVE-2020-3195	CVE-2020-3760	a	edit-similarity	0.7692		
different	different	differing-digits	string	Software	CVE-2020-3196	CVE-2020-3254	a	edit-similarity	0.7692		
different	different	differing-digits	string	Software	CVE-2020-3196	CVE-2020-3255	a	edit-similarity	0.7692		
different	different	differing-digits	string	Software	CVE-2020-3196	CVE-2020-3259	a	edit-similarity	0.7692		
different	different	differing-digits	string	Software	CVE-2020-3196	CVE-2020-3283	a	edit-similarity	0.7692		
different	different	differing-digits	string	Software	CVE-2020-3196	CVE-2020-3741	a	edit-similarity	0.7692		
different	different	differing-digits	string	Software	CVE-2020-3196	CVE-2020-3757	a	edit-similarity	0.7692		
different	different	differing-digits	string	Software	CVE-2020-3196	CVE-2020-3759	a	edit-similarity	0.7692		
different	different	differing-digits	string	Software	CVE-2020-3196	CVE-2020-3760	a	edit-similarity	0.7692		
different	different	differing-digits	string	Software	CVE-2020-3254	CVE-2020-3741	a	edit-similarity	0.7692		
different	different	differing-digits	string	Software	CVE-2020-3254	CVE-2020-3760	a	edit-similarity	0.7692		
different	different	differing-digits	string	Software	CVE-2020-3255	CVE-2020-3741	a	edit-similarity	0.7692		
different	different	differing-digits	string	Software	CVE-2020-3255	CVE-2020-3760	a	edit-similarity	0.7692		
different	different	differing-digits	string	Software	CVE-2020-3259	CVE-2020-3741	a	edit-similarity	0.7692		
different	different	differing-digits	string	Software	CVE-2020-3259	CVE-2020-3760	a	edit-similarity	0.7692		
different	different	differing-digits	string	Software	CVE-2020-3283	CVE-2020-3741	a	edit-similarity	0.7692		
different	different	differing-digits	string	Software	CVE-2020-3283	CVE-2020-3757	a	edit-similarity	0.7692		
different	different	differing-digits	string	Software	CVE-2020-3283	CVE-2020-3759	a	edit-similarity	0.7692		
different	different	differing-digits	string	Software	CVE-2020-3283	CVE-2020-3760	a	edit-similarity	0.7692		
different	different	differing-digits	string	Software	CVE-2020-3298	CVE-2020-3741	a	edit-similarity	0.7692		
different	different	differing-digits	string	Software	CVE-2020-3298	CVE-2020-3757	a	edit-similarity	0.7692		
different	different	differing-digits	string	Software	CVE-2020-3298	CVE-2020-3759	a	edit-similarity	0.7692		
different	different	differing-digits	string	Software	CVE-2020-3298	CVE-2020-3760	a	edit-similarity	0.7692		
different	different	differing-digits	string	Software	CVE-2020-3298	CVE-2020-7048	a	edit-similarity	0.7692		
different	different	differing-digits	string	Software	CVE-2020-3741	CVE-2020-7047	a	edit-similarity	0.7692		
different	different	differing-digits	string	Software	CVE-2020-3741	CVE-2020-7048	a	edit-similarity	0.7692		
different	different	differing-digits	string	Software	CVE-2020-3757	CVE-2020-7047	a	edit-similarity	0.7692		
	review	none	string	Software	Icloud.exe	Iclouding.exe	a	edit-similarity	0.7692		
different	different	differing-digits	string	Software	Microsoft Windows 7 for 32-bit Systems SP1	Microsoft Windows Server 2008 for 32-bit Systems SP2	a	edit-similarity	0.7692		
	review	none	both	Software	MicroBackdoor	microbackdoor.dll	a	edit-similarity	0.7647	MicroBackdoor	
different	different	differing-digits	string	Software	Microsoft Windows Server 2008 R2 for Itanium-based Systems SP1	Microsoft Windows Server 2008 for 32-bit Systems SP2	a	edit-similarity	0.7581		
	review	none	string	Software	BZIP	GZIP	a	edit-similarity	0.75		
	review	none	both	Software	CCleaner.exe	CCleaner.rar	a	edit-similarity	0.75	CCleaner	
	review	none	both	Software	CCleaner.exe	CCleaner.zip	a	edit-similarity	0.75	CCleaner	
	review	none	both	Software	CCleaner.rar	CCleaner.zip	a	edit-similarity	0.75	CCleaner	
	review	none	string	Software	Chromium Browser	Iridium Browser	a	edit-similarity	0.75		
	review	one-sided-digits	both	Software	Cobalt Strike Beacon	shellcode.x64 (Cobalt Strike Beacon)	a	edit-similarity	0.75	Cobalt Strike Beacon	
	review	one-sided-digits	both	Software	Cobalt Strike Beacon	shellcode.x86 (Cobalt Strike Beacon)	a	edit-similarity	0.75	Cobalt Strike Beacon	
	review	one-sided-digits	both	Software	LightRope	LightRope_v2	a	edit-similarity	0.75	LightRope	
	review	none	string	Software	Microsoft Access	Microsoft Excel	a	edit-similarity	0.75		
	review	none	string	Software	RDP Wrapper	TCP Wrappers	a	edit-similarity	0.75		
same	same	decorated-identifier	both	Software	Windows Script Host	Windows Script Host (wscript.exe)	a	edit-similarity	0.75	Windows Script Host	
	review	none	string	Software	c.js	e.js	a	edit-similarity	0.75		
	review	none	string	Software	c.js	q.js	a	edit-similarity	0.75		
	review	none	string	Software	e.js	q.js	a	edit-similarity	0.75		
	review	none	string	Software	ssh.exe	sysm.exe	a	edit-similarity	0.75		
	review	none	string	Software	Диверсанти filercs.rar	Диверсанти file‮‮rar.scr	a	edit-similarity	0.75		
	review	none	string	Software	MSDriverLoader.exe	MSDriverMonitor.exe	a	edit-similarity	0.7368		
	review	none	string	Software	Base-Update.exe	baseupd.exe	a	edit-similarity	0.7333		
	review	none	string	Software	Iridium Browser	Orbitum Browser	a	edit-similarity	0.7333		
	review	none	string	Software	base_update.exe	baseupd.exe	a	edit-similarity	0.7333		
	review	one-sided-digits	string	Software	Browser.dll	Browser.ps1	a	edit-similarity	0.7273		
	review	none	string	Software	Browser.dll	browser.hta	a	edit-similarity	0.7273		
	review	one-sided-digits	string	Software	Browser.ps1	Browsers	a	edit-similarity	0.7273		
	review	one-sided-digits	string	Software	Browser.ps1	browser.hta	a	edit-similarity	0.7273		
	review	none	string	Software	Cisco IOS	Cisco NX-OS	a	edit-similarity	0.7273		
	review	one-sided-digits	both	Software	CredoMap	CredoMap_v2	a	edit-similarity	0.7273	CredoMap	
	review	none	string	Software	ISPManager	LiteManager	a	edit-similarity	0.7273		
	review	none	both	Software	SPECTR.Fs	SPECTR.Info	a	edit-similarity	0.7273	SPECTR	
	review	none	string	Software	WhisperGate	WhisperPack	a	edit-similarity	0.7273		
	review	none	string	Software	MSCommonDriver.exe	MSCommondll.exe	a	edit-similarity	0.7222		
	review	none	string	Software	SmartAssembly	SmartAssembly .NET	a	edit-similarity	0.7222		
	review	none	string	Software	BankBot	DANABOT	a	edit-similarity	0.7143		
different	different	differing-digits	string	Software	CVE-2017-0144	CVE-2017-11882	a	edit-similarity	0.7143		
different	different	differing-digits	string	Software	CVE-2017-0144	CVE-2021-40444	a	edit-similarity	0.7143		
different	different	differing-digits	string	Software	CVE-2017-0199	CVE-2017-11882	a	edit-similarity	0.7143		
different	different	differing-digits	string	Software	CVE-2017-0199	CVE-2017-14491	a	edit-similarity	0.7143		
different	different	differing-digits	string	Software	CVE-2017-0199	CVE-2017-17689	a	edit-similarity	0.7143		
different	different	differing-digits	string	Software	CVE-2017-0199	CVE-2022-30190	a	edit-similarity	0.7143		
different	different	differing-digits	string	Software	CVE-2017-11882	CVE-2017-14491	a	edit-similarity	0.7143		
different	different	differing-digits	string	Software	CVE-2017-11882	CVE-2018-8132	a	edit-similarity	0.7143		
different	different	differing-digits	string	Software	CVE-2017-14491	CVE-2017-17688	a	edit-similarity	0.7143		
different	different	differing-digits	string	Software	CVE-2017-14491	CVE-2017-17689	a	edit-similarity	0.7143		
different	different	differing-digits	string	Software	CVE-2017-14491	CVE-2017-8759	a	edit-similarity	0.7143		
different	different	differing-digits	string	Software	CVE-2017-14491	CVE-2018-8141	a	edit-similarity	0.7143		
different	different	differing-digits	string	Software	CVE-2017-17688	CVE-2017-8759	a	edit-similarity	0.7143		
different	different	differing-digits	string	Software	CVE-2017-17688	CVE-2018-6882	a	edit-similarity	0.7143		
different	different	differing-digits	string	Software	CVE-2017-17688	CVE-2018-7600	a	edit-similarity	0.7143		
different	different	differing-digits	string	Software	CVE-2017-17688	CVE-2018-7602	a	edit-similarity	0.7143		
different	different	differing-digits	string	Software	CVE-2017-17688	CVE-2019-0708	a	edit-similarity	0.7143		
different	different	differing-digits	string	Software	CVE-2017-17689	CVE-2018-13379	a	edit-similarity	0.7143		
different	different	differing-digits	string	Software	CVE-2017-17689	CVE-2018-7600	a	edit-similarity	0.7143		
different	different	differing-digits	string	Software	CVE-2017-17689	CVE-2018-7602	a	edit-similarity	0.7143		
different	different	differing-digits	string	Software	CVE-2017-17689	CVE-2019-0708	a	edit-similarity	0.7143		
different	different	differing-digits	string	Software	CVE-2018-13379	CVE-2018-8127	a	edit-similarity	0.7143		
different	different	differing-digits	string	Software	CVE-2018-13379	CVE-2018-8129	a	edit-similarity	0.7143		
different	different	differing-digits	string	Software	CVE-2018-13379	CVE-2018-8132	a	edit-similarity	0.7143		
different	different	differing-digits	string	Software	CVE-2018-13379	CVE-2018-8134	a	edit-similarity	0.7143		
different	different	differing-digits	string	Software	CVE-2018-13379	CVE-2018-8136	a	edit-similarity	0.7143		
different	different	differing-digits	string	Software	CVE-2018-13379	CVE-2018-8170	a	edit-similarity	0.7143		
different	different	differing-digits	string	Software	CVE-2018-13379	CVE-2018-8174	a	edit-similarity	0.7143		
different	different	differing-digits	string	Software	CVE-2018-13379	CVE-2018-8897	a	edit-similarity	0.7143		
different	different	differing-digits	string	Software	CVE-2018-13379	CVE-2020-3179	a	edit-similarity	0.7143		
different	different	differing-digits	string	Software	CVE-2018-20250	CVE-2018-7600	a	edit-similarity	0.7143		
different	different	differing-digits	string	Software	CVE-2018-20250	CVE-2018-7602	a	edit-similarity	0.7143		
different	different	differing-digits	string	Software	CVE-2018-20250	CVE-2018-8124	a	edit-similarity	0.7143		
different	different	differing-digits	string	Software	CVE-2018-20250	CVE-2018-8127	a	edit-similarity	0.7143		
different	different	differing-digits	string	Software	CVE-2018-20250	CVE-2018-8129	a	edit-similarity	0.7143		
different	different	differing-digits	string	Software	CVE-2018-20250	CVE-2018-8170	a	edit-similarity	0.7143		
different	different	differing-digits	string	Software	CVE-2018-20251	CVE-2018-7602	a	edit-similarity	0.7143		
different	different	differing-digits	string	Software	CVE-2018-20251	CVE-2018-8120	a	edit-similarity	0.7143		
different	different	differing-digits	string	Software	CVE-2018-20251	CVE-2018-8124	a	edit-similarity	0.7143		
different	different	differing-digits	string	Software	CVE-2018-20251	CVE-2018-8127	a	edit-similarity	0.7143		
different	different	differing-digits	string	Software	CVE-2018-20251	CVE-2018-8129	a	edit-similarity	0.7143		
different	different	differing-digits	string	Software	CVE-2018-20251	CVE-2018-8141	a	edit-similarity	0.7143		
different	different	differing-digits	string	Software	CVE-2018-20252	CVE-2018-6882	a	edit-similarity	0.7143		
different	different	differing-digits	string	Software	CVE-2018-20252	CVE-2018-7602	a	edit-similarity	0.7143		
different	different	differing-digits	string	Software	CVE-2018-20252	CVE-2018-8120	a	edit-similarity	0.7143		
different	different	differing-digits	string	Software	CVE-2018-20252	CVE-2018-8124	a	edit-similarity	0.7143		
different	different	differing-digits	string	Software	CVE-2018-20252	CVE-2018-8127	a	edit-similarity	0.7143		
different	different	differing-digits	string	Software	CVE-2018-20252	CVE-2018-8129	a	edit-similarity	0.7143		
different	different	differing-digits	string	Software	CVE-2018-20252	CVE-2018-8132	a	edit-similarity	0.7143		
different	different	differing-digits	string	Software	CVE-2018-20253	CVE-2018-7602	a	edit-similarity	0.7143		
different	different	differing-digits	string	Software	CVE-2018-20253	CVE-2018-8120	a	edit-similarity	0.7143		
different	different	differing-digits	string	Software	CVE-2018-20253	CVE-2018-8124	a	edit-similarity	0.7143		
different	different	differing-digits	string	Software	CVE-2018-20253	CVE-2018-8127	a	edit-similarity	0.7143		
different	different	differing-digits	string	Software	CVE-2018-20253	CVE-2018-8129	a	edit-similarity	0.7143		
different	different	differing-digits	string	Software	CVE-2018-7600	CVE-2019-17666	a	edit-similarity	0.7143		
different	different	differing-digits	string	Software	CVE-2018-7602	CVE-2019-17666	a	edit-similarity	0.7143		
different	different	differing-digits	string	Software	CVE-2018-8120	CVE-2021-31207	a	edit-similarity	0.7143		
different	different	differing-digits	string	Software	CVE-2018-8127	CVE-2021-31207	a	edit-similarity	0.7143		
different	different	differing-digits	string	Software	CVE-2018-8134	CVE-2022-23134	a	edit-similarity	0.7143		
different	different	differing-digits	string	Software	CVE-2019-0708	CVE-2019-17666	a	edit-similarity	0.7143		
different	different	differing-digits	string	Software	CVE-2020-0609	CVE-2020-12641	a	edit-similarity	0.7143		
different	different	differing-digits	string	Software	CVE-2020-0610	CVE-2020-12641	a	edit-similarity	0.7143		
different	different	differing-digits	string	Software	CVE-2020-0610	CVE-2020-35730	a	edit-similarity	0.7143		
different	different	differing-digits	string	Software	CVE-2020-0610	CVE-2022-30190	a	edit-similarity	0.7143		
different	different	differing-digits	string	Software	CVE-2020-0611	CVE-2022-23131	a	edit-similarity	0.7143		
different	different	differing-digits	string	Software	CVE-2020-12641	CVE-2020-3111	a	edit-similarity	0.7143		
different	different	differing-digits	string	Software	CVE-2020-12641	CVE-2020-3120	a	edit-similarity	0.7143		
different	different	differing-digits	string	Software	CVE-2020-12641	CVE-2020-3125	a	edit-similarity	0.7143		
different	different	differing-digits	string	Software	CVE-2020-12641	CVE-2020-3191	a	edit-similarity	0.7143		
different	different	differing-digits	string	Software	CVE-2020-12641	CVE-2020-3196	a	edit-similarity	0.7143		
different	different	differing-digits	string	Software	CVE-2020-12641	CVE-2020-3255	a	edit-similarity	0.7143		
different	different	differing-digits	string	Software	CVE-2020-12641	CVE-2020-3259	a	edit-similarity	0.7143		
different	different	differing-digits	string	Software	CVE-2020-12641	CVE-2020-3283	a	edit-similarity	0.7143		
different	different	differing-digits	string	Software	CVE-2020-12641	CVE-2020-3298	a	edit-similarity	0.7143		
different	different	differing-digits	string	Software	CVE-2020-12641	CVE-2020-3760	a	edit-similarity	0.7143		
different	different	differing-digits	string	Software	CVE-2020-12641	CVE-2020-7047	a	edit-similarity	0.7143		
different	different	differing-digits	string	Software	CVE-2020-12641	CVE-2020-7048	a	edit-similarity	0.7143		
different	different	differing-digits	string	Software	CVE-2020-3110	CVE-2022-21907	a	edit-similarity	0.7143		
different	different	differing-digits	string	Software	CVE-2020-3110	CVE-2022-23131	a	edit-similarity	0.7143		
different	different	differing-digits	string	Software	CVE-2020-3110	CVE-2022-23134	a	edit-similarity	0.7143		
different	different	differing-digits	string	Software	CVE-2020-3110	CVE-2023-43770	a	edit-similarity	0.7143		
different	different	differing-digits	string	Software	CVE-2020-3110	CVE-2024-38213	a	edit-similarity	0.7143		
different	different	differing-digits	string	Software	CVE-2020-3111	CVE-2020-35730	a	edit-similarity	0.7143		
different	different	differing-digits	string	Software	CVE-2020-3111	CVE-2021-31207	a	edit-similarity	0.7143		
different	different	differing-digits	string	Software	CVE-2020-3111	CVE-2022-23134	a	edit-similarity	0.7143		
different	different	differing-digits	string	Software	CVE-2020-3111	CVE-2022-30190	a	edit-similarity	0.7143		
different	different	differing-digits	string	Software	CVE-2020-3111	CVE-2023-38831	a	edit-similarity	0.7143		
different	different	differing-digits	string	Software	CVE-2020-3111	CVE-2024-38213	a	edit-similarity	0.7143		
different	different	differing-digits	string	Software	CVE-2020-3118	CVE-2020-35730	a	edit-similarity	0.7143		
different	different	differing-digits	string	Software	CVE-2020-3118	CVE-2021-31207	a	edit-similarity	0.7143		
different	different	differing-digits	string	Software	CVE-2020-3118	CVE-2021-32648	a	edit-similarity	0.7143		
different	different	differing-digits	string	Software	CVE-2020-3118	CVE-2022-23131	a	edit-similarity	0.7143		
different	different	differing-digits	string	Software	CVE-2020-3118	CVE-2022-23134	a	edit-similarity	0.7143		
different	different	differing-digits	string	Software	CVE-2020-3118	CVE-2022-30190	a	edit-similarity	0.7143		
different	different	differing-digits	string	Software	CVE-2020-3118	CVE-2024-38213	a	edit-similarity	0.7143		
different	different	differing-digits	string	Software	CVE-2020-3119	CVE-2020-35730	a	edit-similarity	0.7143		
different	different	differing-digits	string	Software	CVE-2020-3119	CVE-2021-31207	a	edit-similarity	0.7143		
different	different	differing-digits	string	Software	CVE-2020-3119	CVE-2022-23131	a	edit-similarity	0.7143		
different	different	differing-digits	string	Software	CVE-2020-3119	CVE-2022-23134	a	edit-similarity	0.7143		
different	different	differing-digits	string	Software	CVE-2020-3119	CVE-2024-38213	a	edit-similarity	0.7143		
different	different	differing-digits	string	Software	CVE-2020-3120	CVE-2021-34523	a	edit-similarity	0.7143		
different	different	differing-digits	string	Software	CVE-2020-3120	CVE-2022-21907	a	edit-similarity	0.7143		
different	different	differing-digits	string	Software	CVE-2020-3120	CVE-2022-23131	a	edit-similarity	0.7143		
different	different	differing-digits	string	Software	CVE-2020-3120	CVE-2022-23134	a	edit-similarity	0.7143		
different	different	differing-digits	string	Software	CVE-2020-3120	CVE-2023-43770	a	edit-similarity	0.7143		
different	different	differing-digits	string	Software	CVE-2020-3120	CVE-2024-38213	a	edit-similarity	0.7143		
different	different	differing-digits	string	Software	CVE-2020-3125	CVE-2020-35730	a	edit-similarity	0.7143		
different	different	differing-digits	string	Software	CVE-2020-3125	CVE-2021-34523	a	edit-similarity	0.7143		
different	different	differing-digits	string	Software	CVE-2020-3125	CVE-2022-23131	a	edit-similarity	0.7143		
different	different	differing-digits	string	Software	CVE-2020-3125	CVE-2022-23134	a	edit-similarity	0.7143		
different	different	differing-digits	string	Software	CVE-2020-3125	CVE-2022-30190	a	edit-similarity	0.7143		
different	different	differing-digits	string	Software	CVE-2020-3125	CVE-2024-38213	a	edit-similarity	0.7143		
different	different	differing-digits	string	Software	CVE-2020-3179	CVE-2021-31207	a	edit-similarity	0.7143		
different	different	differing-digits	string	Software	CVE-2020-3179	CVE-2021-34473	a	edit-similarity	0.7143		
different	different	differing-digits	string	Software	CVE-2020-3179	CVE-2022-23131	a	edit-similarity	0.7143		
different	different	differing-digits	string	Software	CVE-2020-3179	CVE-2022-23134	a	edit-similarity	0.7143		
different	different	differing-digits	string	Software	CVE-2020-3179	CVE-2022-30190	a	edit-similarity	0.7143		
different	different	differing-digits	string	Software	CVE-2020-3179	CVE-2023-43770	a	edit-similarity	0.7143		
different	different	differing-digits	string	Software	CVE-2020-3187	CVE-2020-35730	a	edit-similarity	0.7143		
different	different	differing-digits	string	Software	CVE-2020-3187	CVE-2021-26857	a	edit-similarity	0.7143		
different	different	differing-digits	string	Software	CVE-2020-3187	CVE-2021-34473	a	edit-similarity	0.7143		
different	different	differing-digits	string	Software	CVE-2020-3187	CVE-2022-21907	a	edit-similarity	0.7143		
different	different	differing-digits	string	Software	CVE-2020-3187	CVE-2022-23131	a	edit-similarity	0.7143		
different	different	differing-digits	string	Software	CVE-2020-3187	CVE-2022-23134	a	edit-similarity	0.7143		
different	different	differing-digits	string	Software	CVE-2020-3187	CVE-2022-30190	a	edit-similarity	0.7143		
different	different	differing-digits	string	Software	CVE-2020-3187	CVE-2023-38831	a	edit-similarity	0.7143		
different	different	differing-digits	string	Software	CVE-2020-3189	CVE-2020-35730	a	edit-similarity	0.7143		
different	different	differing-digits	string	Software	CVE-2020-3189	CVE-2021-31207	a	edit-similarity	0.7143		
different	different	differing-digits	string	Software	CVE-2020-3189	CVE-2022-23131	a	edit-similarity	0.7143		
different	different	differing-digits	string	Software	CVE-2020-3189	CVE-2022-23134	a	edit-similarity	0.7143		
different	different	differing-digits	string	Software	CVE-2020-3189	CVE-2022-30190	a	edit-similarity	0.7143		
different	different	differing-digits	string	Software	CVE-2020-3189	CVE-2023-38831	a	edit-similarity	0.7143		
different	different	differing-digits	string	Software	CVE-2020-3191	CVE-2020-35730	a	edit-similarity	0.7143		
different	different	differing-digits	string	Software	CVE-2020-3191	CVE-2021-31207	a	edit-similarity	0.7143		
different	different	differing-digits	string	Software	CVE-2020-3191	CVE-2022-21907	a	edit-similarity	0.7143		
different	different	differing-digits	string	Software	CVE-2020-3191	CVE-2022-23134	a	edit-similarity	0.7143		
different	different	differing-digits	string	Software	CVE-2020-3191	CVE-2023-38831	a	edit-similarity	0.7143		
different	different	differing-digits	string	Software	CVE-2020-3191	CVE-2024-23692	a	edit-similarity	0.7143		
different	different	differing-digits	string	Software	CVE-2020-3191	CVE-2024-38213	a	edit-similarity	0.7143		
different	different	differing-digits	string	Software	CVE-2020-3195	CVE-2020-35730	a	edit-similarity	0.7143		
different	different	differing-digits	string	Software	CVE-2020-3195	CVE-2021-31207	a	edit-similarity	0.7143		
different	different	differing-digits	string	Software	CVE-2020-3195	CVE-2022-21907	a	edit-similarity	0.7143		
different	different	differing-digits	string	Software	CVE-2020-3195	CVE-2022-23131	a	edit-similarity	0.7143		
different	different	differing-digits	string	Software	CVE-2020-3195	CVE-2022-23134	a	edit-similarity	0.7143		
different	different	differing-digits	string	Software	CVE-2020-3195	CVE-2024-23692	a	edit-similarity	0.7143		
different	different	differing-digits	string	Software	CVE-2020-3196	CVE-2020-35730	a	edit-similarity	0.7143		
different	different	differing-digits	string	Software	CVE-2020-3196	CVE-2021-31207	a	edit-similarity	0.7143		
different	different	differing-digits	string	Software	CVE-2020-3196	CVE-2022-21907	a	edit-similarity	0.7143		
different	different	differing-digits	string	Software	CVE-2020-3196	CVE-2022-23131	a	edit-similarity	0.7143		
different	different	differing-digits	string	Software	CVE-2020-3196	CVE-2022-23134	a	edit-similarity	0.7143		
different	different	differing-digits	string	Software	CVE-2020-3196	CVE-2024-23692	a	edit-similarity	0.7143		
different	different	differing-digits	string	Software	CVE-2020-3254	CVE-2020-35730	a	edit-similarity	0.7143		
different	different	differing-digits	string	Software	CVE-2020-3254	CVE-2021-31207	a	edit-similarity	0.7143		
different	different	differing-digits	string	Software	CVE-2020-3254	CVE-2021-34523	a	edit-similarity	0.7143		
different	different	differing-digits	string	Software	CVE-2020-3254	CVE-2022-23134	a	edit-similarity	0.7143		
different	different	differing-digits	string	Software	CVE-2020-3254	CVE-2024-38213	a	edit-similarity	0.7143		
different	different	differing-digits	string	Software	CVE-2020-3255	CVE-2020-35730	a	edit-similarity	0.7143		
different	different	differing-digits	string	Software	CVE-2020-3255	CVE-2021-26855	a	edit-similarity	0.7143		
different	different	differing-digits	string	Software	CVE-2020-3255	CVE-2021-31207	a	edit-similarity	0.7143		
different	different	differing-digits	string	Software	CVE-2020-3255	CVE-2021-32648	a	edit-similarity	0.7143		
different	different	differing-digits	string	Software	CVE-2020-3255	CVE-2021-34523	a	edit-similarity	0.7143		
different	different	differing-digits	string	Software	CVE-2020-3255	CVE-2024-38213	a	edit-similarity	0.7143		
different	different	differing-digits	string	Software	CVE-2020-3259	CVE-2020-35730	a	edit-similarity	0.7143		
different	different	differing-digits	string	Software	CVE-2020-3259	CVE-2021-31207	a	edit-similarity	0.7143		
different	different	differing-digits	string	Software	CVE-2020-3259	CVE-2021-32648	a	edit-similarity	0.7143		
different	different	differing-digits	string	Software	CVE-2020-3259	CVE-2021-34523	a	edit-similarity	0.7143		
different	different	differing-digits	string	Software	CVE-2020-3259	CVE-2022-30190	a	edit-similarity	0.7143		
different	different	differing-digits	string	Software	CVE-2020-3259	CVE-2024-38213	a	edit-similarity	0.7143		
different	different	differing-digits	string	Software	CVE-2020-3283	CVE-2021-31207	a	edit-similarity	0.7143		
different	different	differing-digits	string	Software	CVE-2020-3283	CVE-2021-32648	a	edit-similarity	0.7143		
different	different	differing-digits	string	Software	CVE-2020-3283	CVE-2021-34473	a	edit-similarity	0.7143		
different	different	differing-digits	string	Software	CVE-2020-3283	CVE-2021-34523	a	edit-similarity	0.7143		
different	different	differing-digits	string	Software	CVE-2020-3298	CVE-2020-35730	a	edit-similarity	0.7143		
different	different	differing-digits	string	Software	CVE-2020-3298	CVE-2021-31207	a	edit-similarity	0.7143		
different	different	differing-digits	string	Software	CVE-2020-3298	CVE-2021-44228	a	edit-similarity	0.7143		
different	different	differing-digits	string	Software	CVE-2020-3298	CVE-2022-30190	a	edit-similarity	0.7143		
different	different	differing-digits	string	Software	CVE-2020-3298	CVE-2024-23692	a	edit-similarity	0.7143		
different	different	differing-digits	string	Software	CVE-2020-3298	CVE-2024-38213	a	edit-similarity	0.7143		
different	different	differing-digits	string	Software	CVE-2020-35730	CVE-2021-34473	a	edit-similarity	0.7143		
different	different	differing-digits	string	Software	CVE-2020-35730	CVE-2021-34523	a	edit-similarity	0.7143		
different	different	differing-digits	string	Software	CVE-2020-35730	CVE-2022-30190	a	edit-similarity	0.7143		
different	different	differing-digits	string	Software	CVE-2020-35730	CVE-2023-38831	a	edit-similarity	0.7143		
different	different	differing-digits	string	Software	CVE-2020-35730	CVE-2023-43770	a	edit-similarity	0.7143		
different	different	differing-digits	string	Software	CVE-2020-3741	CVE-2021-32648	a	edit-similarity	0.7143		
different	different	differing-digits	string	Software	CVE-2020-3741	CVE-2021-34473	a	edit-similarity	0.7143		
different	different	differing-digits	string	Software	CVE-2020-3741	CVE-2022-23131	a	edit-similarity	0.7143		
different	different	differing-digits	string	Software	CVE-2020-3741	CVE-2023-38831	a	edit-similarity	0.7143		
different	different	differing-digits	string	Software	CVE-2020-3741	CVE-2023-43770	a	edit-similarity	0.7143		
different	different	differing-digits	string	Software	CVE-2020-3741	CVE-2024-38213	a	edit-similarity	0.7143		
different	different	differing-digits	string	Software	CVE-2020-3757	CVE-2021-26857	a	edit-similarity	0.7143		
different	different	differing-digits	string	Software	CVE-2020-3757	CVE-2021-31207	a	edit-similarity	0.7143		
different	different	differing-digits	string	Software	CVE-2020-3757	CVE-2021-34473	a	edit-similarity	0.7143		
different	different	differing-digits	string	Software	CVE-2020-3757	CVE-2021-34523	a	edit-similarity	0.7143		
different	different	differing-digits	string	Software	CVE-2020-3757	CVE-2023-43770	a	edit-similarity	0.7143		
different	different	differing-digits	string	Software	CVE-2020-3759	CVE-2021-34523	a	edit-similarity	0.7143		
different	different	differing-digits	string	Software	CVE-2020-3759	CVE-2022-30190	a	edit-similarity	0.7143		
different	different	differing-digits	string	Software	CVE-2020-3759	CVE-2023-43770	a	edit-similarity	0.7143		
different	different	differing-digits	string	Software	CVE-2020-3760	CVE-2021-27065	a	edit-similarity	0.7143		
different	different	differing-digits	string	Software	CVE-2020-3760	CVE-2021-31207	a	edit-similarity	0.7143		
different	different	differing-digits	string	Software	CVE-2020-3760	CVE-2021-32648	a	edit-similarity	0.7143		
different	different	differing-digits	string	Software	CVE-2020-3760	CVE-2022-30190	a	edit-similarity	0.7143		
different	different	differing-digits	string	Software	CVE-2020-7047	CVE-2021-27065	a	edit-similarity	0.7143		
different	different	differing-digits	string	Software	CVE-2020-7047	CVE-2021-34473	a	edit-similarity	0.7143		
different	different	differing-digits	string	Software	CVE-2020-7047	CVE-2021-40444	a	edit-similarity	0.7143		
different	different	differing-digits	string	Software	CVE-2020-7048	CVE-2021-27065	a	edit-similarity	0.7143		
different	different	differing-digits	string	Software	CVE-2020-7048	CVE-2021-32648	a	edit-similarity	0.7143		
different	different	differing-digits	string	Software	CVE-2020-7048	CVE-2021-40444	a	edit-similarity	0.7143		
different	different	differing-digits	string	Software	CVE-2021-26855	CVE-2021-32648	a	edit-similarity	0.7143		
different	different	differing-digits	string	Software	CVE-2021-26857	CVE-2021-27065	a	edit-similarity	0.7143		
different	different	differing-digits	string	Software	CVE-2021-26857	CVE-2021-31207	a	edit-similarity	0.7143		
different	different	differing-digits	string	Software	CVE-2021-26857	CVE-2021-32648	a	edit-similarity	0.7143		
different	different	differing-digits	string	Software	CVE-2021-26857	CVE-2022-21907	a	edit-similarity	0.7143		
different	different	differing-digits	string	Software	CVE-2021-26858	CVE-2021-27065	a	edit-similarity	0.7143		
different	different	differing-digits	string	Software	CVE-2021-26858	CVE-2021-44228	a	edit-similarity	0.7143		
different	different	differing-digits	string	Software	CVE-2021-27065	CVE-2021-44026	a	edit-similarity	0.7143		
different	different	differing-digits	string	Software	CVE-2021-31207	CVE-2021-32648	a	edit-similarity	0.7143		
different	different	differing-digits	string	Software	CVE-2021-31207	CVE-2021-34473	a	edit-similarity	0.7143		
different	different	differing-digits	string	Software	CVE-2021-31207	CVE-2021-34523	a	edit-similarity	0.7143		
different	different	differing-digits	string	Software	CVE-2021-31207	CVE-2021-44228	a	edit-similarity	0.7143		
different	different	differing-digits	string	Software	CVE-2021-31207	CVE-2022-30190	a	edit-similarity	0.7143		
different	different	differing-digits	string	Software	CVE-2021-31207	CVE-2024-38213	a	edit-similarity	0.7143		
different	different	differing-digits	string	Software	CVE-2021-32648	CVE-2021-34473	a	edit-similarity	0.7143		
different	different	differing-digits	string	Software	CVE-2021-32648	CVE-2021-34523	a	edit-similarity	0.7143		
different	different	differing-digits	string	Software	CVE-2021-32648	CVE-2021-40444	a	edit-similarity	0.7143		
different	different	differing-digits	string	Software	CVE-2021-32648	CVE-2021-44228	a	edit-similarity	0.7143		
different	different	differing-digits	string	Software	CVE-2021-34473	CVE-2021-40444	a	edit-similarity	0.7143		
different	different	differing-digits	string	Software	CVE-2021-34473	CVE-2021-44026	a	edit-similarity	0.7143		
different	different	differing-digits	string	Software	CVE-2021-34473	CVE-2021-44228	a	edit-similarity	0.7143		
different	different	differing-digits	string	Software	CVE-2021-34473	CVE-2024-38213	a	edit-similarity	0.7143		
different	different	differing-digits	string	Software	CVE-2021-34523	CVE-2024-38213	a	edit-similarity	0.7143		
different	different	differing-digits	string	Software	CVE-2021-40444	CVE-2021-44026	a	edit-similarity	0.7143		
different	different	differing-digits	string	Software	CVE-2021-40444	CVE-2021-44228	a	edit-similarity	0.7143		
different	different	differing-digits	string	Software	CVE-2021-44026	CVE-2022-24521	a	edit-similarity	0.7143		
different	different	differing-digits	string	Software	CVE-2021-44228	CVE-2022-24521	a	edit-similarity	0.7143		
different	different	differing-digits	string	Software	CVE-2022-21907	CVE-2022-23131	a	edit-similarity	0.7143		
different	different	differing-digits	string	Software	CVE-2022-21907	CVE-2022-23134	a	edit-similarity	0.7143		
different	different	differing-digits	string	Software	CVE-2022-21907	CVE-2022-24521	a	edit-similarity	0.7143		
different	different	differing-digits	string	Software	CVE-2022-23131	CVE-2022-30190	a	edit-similarity	0.7143		
different	different	differing-digits	string	Software	CVE-2022-23131	CVE-2023-38831	a	edit-similarity	0.7143		
different	different	differing-digits	string	Software	CVE-2022-23131	CVE-2024-23692	a	edit-similarity	0.7143		
different	different	differing-digits	string	Software	CVE-2022-23134	CVE-2022-24521	a	edit-similarity	0.7143		
different	different	differing-digits	string	Software	CVE-2022-23134	CVE-2022-30190	a	edit-similarity	0.7143		
different	different	differing-digits	string	Software	CVE-2022-23134	CVE-2024-23692	a	edit-similarity	0.7143		
different	different	differing-digits	string	Software	CVE-2023-38831	CVE-2024-38213	a	edit-similarity	0.7143		
	review	none	string	Software	CentBrowser	Chedot Browser	a	edit-similarity	0.7143		
	review	none	string	Software	Chedot Browser	CocCoc Browser	a	edit-similarity	0.7143		
	review	none	string	Software	Chedot Browser	Coowon Browser	a	edit-similarity	0.7143		
	review	none	string	Software	Citrio Browser	Liebao Browser	a	edit-similarity	0.7143		
	review	none	string	Software	CocCoc Browser	Torch Browser	a	edit-similarity	0.7143		
	review	none	both	Software	GAMMASTEEL	GammaSteel.NET	a	edit-similarity	0.7143	GammaSteel	
	review	one-sided-digits	both	Software	GAMMASTEEL	GammaSteel.PS1	a	edit-similarity	0.7143	GammaSteel	
	review	none	string	Software	HoaxApe	HoaxPen	a	edit-similarity	0.7143		
	review	none	string	Software	Liebao Browser	Opera Browser	a	edit-similarity	0.7143		
	review	none	string	Software	Microsoft Edge	Microsoft Word	a	edit-similarity	0.7143		
	review	none	both	Software	PowerShell	powershell.exe	a	edit-similarity	0.7143	PowerShell	
	review	none	string	Software	b.exe	vbc.exe	a	edit-similarity	0.7143		
	review	none	string	Software	smbexec	wmiexec	a	edit-similarity	0.7143		
	review	none	string	Software	spi.exe	ssh.exe	a	edit-similarity	0.7143		
	review	none	string	Software	Microsoft Windows	Microsoft Word	a	edit-similarity	0.7059		
different	different	differing-digits	string	Software	Акт_звiрки_вiд_18_липня_2023p.pdf.js	Видаткова_накладная_№121_вiд_18_липня_2023p.pdf.js	a	edit-similarity	0.7059		
	review	none	string	Software	Icloud.exe	icloud.cmd	a	edit-similarity	0.7		
	review	none	string	Software	JavaScript	VBScript	a	edit-similarity	0.7		
	review	one-sided-digits	string	Software	LOADERX3	loader.exe	a	edit-similarity	0.7		
	review	none	string	Software	Loader.dll	loader.exe	a	edit-similarity	0.7		
different	different	differing-digits	string	Software	Microsoft Exchange Server 2013	Microsoft Windows Server 2003	a	edit-similarity	0.7		
	review	one-sided-digits	string	Software	P0wnyShell	PowerShell	a	edit-similarity	0.7		
	review	one-sided-digits	string	Software	P0wnyShell	ProxyShell	a	edit-similarity	0.7		
	review	one-sided-digits	string	Software	Windows	Windows 10	a	edit-similarity	0.7		
	review	none	string	Software	mstsc.exe	wsuscr.exe	a	edit-similarity	0.7		
	review	one-sided-digits	string	Software	Диверсанти 21.03.rar	Диверсанти.rar	a	edit-similarity	0.7		
	review	none	string	Software	CVE-2021-26855	http-vuln-cve2021-26855.nse	a	identifier	0.4444		
	review	registry-semantic	registry	Organization	CloudFlare	Cloudflare Inc.	c	registry	0	Cloudflare	
	review	registry-semantic	registry	Organization	ЄС	Європейський Союз	c	registry	0	European Union	
	review	registry-semantic	registry	Organization	IFES Україна	Міжнародною фундацією виборчих систем (IFES)	c	registry	0	International Foundation for Electoral Systems (IFES)	
	review	registry-semantic	registry	Organization	Ukrinform	Українське національне інформаційне агентство "Укрінформ"	c	registry	0	Ukrinform	
	review	registry-semantic	registry	Organization	NameSilo	namesilo.com	c	registry	0	NameSilo	
	review	registry-semantic	registry	HackerGroup	Armageddon	Armageddon/Gamaredon	c	registry	0	Armageddon	
	review	registry-semantic	registry	HackerGroup	Armageddon	UAC-0010	c	registry	0	Armageddon	
	review	registry-semantic	registry	HackerGroup	Armageddon	UAC-0010 (Armageddon)	c	registry	0	Armageddon	
	review	registry-semantic	registry	HackerGroup	Armageddon/Gamaredon	UAC-0010	c	registry	0	Armageddon	
	review	registry-semantic	registry	HackerGroup	Armageddon/Gamaredon	UAC-0010 (Armageddon)	c	registry	0	Armageddon	
	review	registry-semantic	registry	HackerGroup	APT44	Sandworm	c	registry	0	Sandworm	
	review	registry-semantic	registry	HackerGroup	@frwl_team	FRwL	c	registry	0	FRwL	
	review	registry-conflict	registry	HackerGroup	APT28	APT28 (UAC-0028)	c	registry	0	APT28	
	review	registry-conflict	registry	HackerGroup	APT28	UAC-0001	c	registry	0	APT28	
	review	registry-conflict	registry	HackerGroup	APT28	UAC-0001 (APT28)	c	registry	0	APT28	
	review	registry-conflict	registry	HackerGroup	APT28	UAC-0028	c	registry	0	APT28	
	review	registry-conflict	registry	HackerGroup	APT28	UAC-0028 (APT28)	c	registry	0	APT28	
	review	registry-conflict	registry	HackerGroup	APT28 (UAC-0028)	UAC-0001	c	registry	0	APT28	
	review	registry-conflict	registry	HackerGroup	APT28 (UAC-0028)	UAC-0001 (APT28)	c	registry	0	APT28	
	review	registry-conflict	registry	HackerGroup	UAC-0001	UAC-0028 (APT28)	c	registry	0	APT28	
	review	registry-conflict	registry	HackerGroup	UAC-0001 (APT28)	UAC-0028	c	registry	0	APT28	
	review	registry-semantic	registry	HackerGroup	UAC-0114	Winter Vivern	c	registry	0	Winter Vivern	
	review	registry-semantic	registry	HackerGroup	GhostWriter	UAC-0057	c	registry	0	UNC1151	
	review	registry-semantic	registry	HackerGroup	GhostWriter	UAC-0057 (GhostWriter)	c	registry	0	UNC1151	
	review	registry-semantic	registry	HackerGroup	GhostWriter	UNC1151	c	registry	0	UNC1151	
	review	registry-conflict	registry	HackerGroup	UAC-0057	UNC1151	c	registry	0	UNC1151	
	review	registry-conflict	registry	HackerGroup	UAC-0057 (GhostWriter)	UNC1151	c	registry	0	UNC1151	
	review	registry-semantic	registry	HackerGroup	Turla	UAC-0003 (Turla)	c	registry	0	Turla	
	review	registry-semantic	registry	Software	REMOTE UTILITIES	rfusclient.exe	c	registry	0	Remote Utilities	
	review	registry-semantic	registry	Software	REMOTE UTILITIES	rutserv.exe	c	registry	0	Remote Utilities	
	review	registry-semantic	registry	Software	Remote Utilities - Host	RemoteUtilities	c	registry	0	Remote Utilities	
	review	registry-semantic	registry	Software	Remote Utilities - Host	rfusclient.exe	c	registry	0	Remote Utilities	
	review	registry-semantic	registry	Software	Remote Utilities - Host	rutserv.exe	c	registry	0	Remote Utilities	
	review	registry-semantic	registry	Software	RemoteUtilities	rfusclient.exe	c	registry	0	Remote Utilities	
	review	registry-semantic	registry	Software	RemoteUtilities	rutserv.exe	c	registry	0	Remote Utilities	
	review	registry-semantic	registry	Software	rfusclient.exe	rutserv.exe	c	registry	0	Remote Utilities	
	review	registry-semantic	registry	Software	MS Exchange	Microsoft Exchange Server	c	registry	0	Microsoft Exchange Server	
	review	registry-semantic	registry	Software	MS Exchange	Microsoft Exchange Server 2010	c	registry	0	Microsoft Exchange Server	
	review	registry-semantic	registry	Software	MS Exchange	Microsoft Exchange Server 2013	c	registry	0	Microsoft Exchange Server	
	review	registry-semantic	registry	Software	MS Exchange	Microsoft Exchange Server 2016	c	registry	0	Microsoft Exchange Server	
	review	registry-semantic	registry	Software	MS Exchange	Microsoft Exchange Server 2019	c	registry	0	Microsoft Exchange Server	
same	same	decorated-identifier	registry	Software	PowerShell	PowerShell (powershell.exe)	c	registry	0	PowerShell	
same	same	decorated-identifier	registry	Software	IIS	IIS (Internet Information Services)	c	registry	0	IIS	
	review	registry-semantic	registry	Software	curl	curl.exe	c	registry	0	curl	
	review	registry-semantic	registry	Software	GammaLoad	GammaLoad.PS1	c	registry	0	GammaLoad	
	review	registry-semantic	registry	Software	GammaLoad	GammaLoad.PS1_v2	c	registry	0	GammaLoad	
	review	registry-semantic	registry	Software	Windows Script Host	cscript.exe	c	registry	0	Windows Script Host	
	review	registry-semantic	registry	Software	Windows Script Host	wscript.exe	c	registry	0	Windows Script Host	
	review	registry-semantic	registry	Software	Windows Script Host (wscript.exe)	cscript.exe	c	registry	0	Windows Script Host	
	review	registry-semantic	registry	Software	Windows Script Host (wscript.exe)	wscript.exe	c	registry	0	Windows Script Host	
	review	registry-semantic	registry	Software	MSHTA	mshta.exe	c	registry	0	MSHTA	
	review	registry-semantic	registry	Software	DARKCRYSTALRAT (DCRAT)	DarkCrystal RAT	c	registry	0	DarkCrystal RAT	
	review	registry-semantic	registry	Software	DARKCRYSTALRAT (DCRAT)	MSCommonDriver.DCRat.exe	c	registry	0	DarkCrystal RAT	
	review	registry-semantic	registry	Software	Dark Crystal RAT (DCRAT)	DarkCrystal RAT	c	registry	0	DarkCrystal RAT	
	review	registry-semantic	registry	Software	Dark Crystal RAT (DCRAT)	MSCommonDriver.DCRat.exe	c	registry	0	DarkCrystal RAT	
	review	registry-semantic	registry	Software	DarkCrystal RAT	MSCommonDriver.DCRat.exe	c	registry	0	DarkCrystal RAT	
	review	registry-semantic	registry	Software	Apache Log4j	Log4j	c	registry	0	Apache Log4j	
	review	registry-conflict	registry	Software	CVE-2021-44228	Log4Shell	c	registry	0	CVE-2021-44228	
	review	registry-conflict	registry	Software	Windows 10	Windows 10 version 1809	c	registry	0	Windows 10	
	review	registry-semantic	registry	Software	MS Word	Microsoft Office Word	c	registry	0	Microsoft Word	
	review	registry-semantic	registry	Software	MS Word	Microsoft Word	c	registry	0	Microsoft Word	
	review	registry-semantic	registry	Software	MS Word	WINWORD.EXE	c	registry	0	Microsoft Word	
	review	registry-semantic	registry	Software	Microsoft Office Word	WINWORD.EXE	c	registry	0	Microsoft Word	
	review	registry-semantic	registry	Software	Microsoft Word	WINWORD.EXE	c	registry	0	Microsoft Word	
	review	registry-semantic	registry	Software	MS Office	Microsoft Office	c	registry	0	Microsoft Office	
	review	registry-semantic	registry	Software	MS Office	Microsoft Office 2007	c	registry	0	Microsoft Office	
	review	registry-semantic	registry	Software	MS Office	Microsoft Office 2010	c	registry	0	Microsoft Office	
	review	registry-semantic	registry	Software	MS Office	Microsoft Office 2013	c	registry	0	Microsoft Office	
	review	registry-semantic	registry	Software	MS Office	Microsoft Office 2016	c	registry	0	Microsoft Office	
	review	registry-semantic	registry	Software	MS Office	Microsoft Office 2019	c	registry	0	Microsoft Office	
	review	registry-semantic	registry	Software	MS Office	Office 2007	c	registry	0	Microsoft Office	
	review	registry-semantic	registry	Software	MS Office	Office 2010	c	registry	0	Microsoft Office	
	review	registry-semantic	registry	Software	MS Office	Office 2013	c	registry	0	Microsoft Office	
	review	registry-semantic	registry	Software	MS Office	Office 2016	c	registry	0	Microsoft Office	
	review	registry-semantic	registry	Software	Microsoft Office	Office 2007	c	registry	0	Microsoft Office	
	review	registry-semantic	registry	Software	Microsoft Office	Office 2010	c	registry	0	Microsoft Office	
	review	registry-semantic	registry	Software	Microsoft Office	Office 2013	c	registry	0	Microsoft Office	
	review	registry-semantic	registry	Software	Microsoft Office	Office 2016	c	registry	0	Microsoft Office	
	review	registry-conflict	registry	Software	Microsoft Office 2007	Office 2010	c	registry	0	Microsoft Office	
	review	registry-conflict	registry	Software	Microsoft Office 2007	Office 2013	c	registry	0	Microsoft Office	
	review	registry-conflict	registry	Software	Microsoft Office 2007	Office 2016	c	registry	0	Microsoft Office	
	review	registry-conflict	registry	Software	Microsoft Office 2010	Office 2007	c	registry	0	Microsoft Office	
	review	registry-conflict	registry	Software	Microsoft Office 2010	Office 2013	c	registry	0	Microsoft Office	
	review	registry-conflict	registry	Software	Microsoft Office 2010	Office 2016	c	registry	0	Microsoft Office	
	review	registry-conflict	registry	Software	Microsoft Office 2013	Office 2007	c	registry	0	Microsoft Office	
	review	registry-conflict	registry	Software	Microsoft Office 2013	Office 2010	c	registry	0	Microsoft Office	
	review	registry-conflict	registry	Software	Microsoft Office 2013	Office 2016	c	registry	0	Microsoft Office	
	review	registry-conflict	registry	Software	Microsoft Office 2016	Office 2007	c	registry	0	Microsoft Office	
	review	registry-conflict	registry	Software	Microsoft Office 2016	Office 2010	c	registry	0	Microsoft Office	
	review	registry-conflict	registry	Software	Microsoft Office 2016	Office 2013	c	registry	0	Microsoft Office	
	review	registry-conflict	registry	Software	Microsoft Office 2019	Office 2007	c	registry	0	Microsoft Office	
	review	registry-conflict	registry	Software	Microsoft Office 2019	Office 2010	c	registry	0	Microsoft Office	
	review	registry-conflict	registry	Software	Microsoft Office 2019	Office 2013	c	registry	0	Microsoft Office	
	review	registry-conflict	registry	Software	Microsoft Office 2019	Office 2016	c	registry	0	Microsoft Office	
	review	registry-semantic	registry	Software	MS Excel	Microsoft Excel	c	registry	0	Microsoft Excel	
	review	registry-semantic	registry	Software	Mozilla Thunderbird	Thunderbird	c	registry	0	Mozilla Thunderbird	
	review	registry-semantic	registry	Software	Firefox	Mozilla Firefox	c	registry	0	Mozilla Firefox	
	review	registry-semantic	registry	Software	Chrome	Google Chrome	c	registry	0	Google Chrome	
	review	registry-conflict	registry	Software	Microsoft Windows 7 for 32-bit Systems SP1	Windows 7	c	registry	0	Windows 7	
	review	registry-conflict	registry	Software	Microsoft Windows 7 for x64-based Systems SP1	Windows 7	c	registry	0	Windows 7	
	review	registry-conflict	registry	Software	Microsoft Windows Server 2008 R2 for Itanium-based Systems SP1	Windows 2008 R2	c	registry	0	Windows Server 2008 R2	
	review	registry-conflict	registry	Software	Microsoft Windows Server 2008 R2 for x64-based Systems SP1	Windows 2008 R2	c	registry	0	Windows Server 2008 R2	
	review	registry-semantic	registry	Software	Microsoft Windows	Windows	c	registry	0	Microsoft Windows	
	review	registry-conflict	registry	Software	Microsoft Windows Server 2008 for 32-bit Systems SP2	Windows Server 2008	c	registry	0	Windows Server 2008	
	review	registry-conflict	registry	Software	Microsoft Windows Server 2008 for Itanium-based Systems SP2	Windows Server 2008	c	registry	0	Windows Server 2008	
	review	registry-conflict	registry	Software	Microsoft Windows Server 2008 for x64-based Systems SP2	Windows Server 2008	c	registry	0	Windows Server 2008	
	review	registry-semantic	registry	Software	WinRAR	WinRAR 5.70 Beta 1	c	registry	0	WinRAR	
	review	registry-semantic	registry	Software	Shade	Troldesh	c	registry	0	Troldesh	
	review	registry-semantic	registry	Software	Shade	Troldesh/Shade	c	registry	0	Troldesh	
	review	registry-semantic	registry	Software	Troldesh	Troldesh/Shade	c	registry	0	Troldesh	
	review	registry-semantic	registry	Software	Sonoko	Trojan:Win32/Sonoko.A!ms	c	registry	0	Sonoko	
	review	registry-semantic	registry	Software	Propagate	Propagate/Unwaders	c	registry	0	Propagate	
	review	registry-semantic	registry	Software	OpenSSL	libcrypto.dll	c	registry	0	OpenSSL	
	review	registry-semantic	registry	Software	CVE-2018-8174	Double Kill	c	registry	0	CVE-2018-8174	
	review	registry-semantic	registry	Software	Cobalt Strike Beacon	CobaltStrikeBeacon.shellcode	c	registry	0	Cobalt Strike Beacon	
	review	registry-semantic	registry	Software	Cobalt Strike Beacon	csbeacon.bin	c	registry	0	Cobalt Strike Beacon	
	review	registry-semantic	registry	Software	Cobalt Strike Beacon	shellcode.x64.bin	c	registry	0	Cobalt Strike Beacon	
	review	registry-semantic	registry	Software	Cobalt Strike Beacon	shellcode.x86.bin	c	registry	0	Cobalt Strike Beacon	
	review	registry-semantic	registry	Software	CobaltStrikeBeacon.shellcode	csbeacon.bin	c	registry	0	Cobalt Strike Beacon	
	review	registry-semantic	registry	Software	CobaltStrikeBeacon.shellcode	shellcode.x64 (Cobalt Strike Beacon)	c	registry	0	Cobalt Strike Beacon	
	review	registry-semantic	registry	Software	CobaltStrikeBeacon.shellcode	shellcode.x64.bin	c	registry	0	Cobalt Strike Beacon	
	review	registry-semantic	registry	Software	CobaltStrikeBeacon.shellcode	shellcode.x86 (Cobalt Strike Beacon)	c	registry	0	Cobalt Strike Beacon	
	review	registry-semantic	registry	Software	CobaltStrikeBeacon.shellcode	shellcode.x86.bin	c	registry	0	Cobalt Strike Beacon	
	review	registry-semantic	registry	Software	csbeacon.bin	shellcode.x64 (Cobalt Strike Beacon)	c	registry	0	Cobalt Strike Beacon	
	review	registry-semantic	registry	Software	csbeacon.bin	shellcode.x64.bin	c	registry	0	Cobalt Strike Beacon	
	review	registry-semantic	registry	Software	csbeacon.bin	shellcode.x86 (Cobalt Strike Beacon)	c	registry	0	Cobalt Strike Beacon	
	review	registry-semantic	registry	Software	csbeacon.bin	shellcode.x86.bin	c	registry	0	Cobalt Strike Beacon	
	review	registry-semantic	registry	Software	shellcode.x64 (Cobalt Strike Beacon)	shellcode.x64.bin	c	registry	0	Cobalt Strike Beacon	
	review	registry-conflict	registry	Software	shellcode.x64 (Cobalt Strike Beacon)	shellcode.x86.bin	c	registry	0	Cobalt Strike Beacon	
	review	registry-conflict	registry	Software	shellcode.x64.bin	shellcode.x86 (Cobalt Strike Beacon)	c	registry	0	Cobalt Strike Beacon	
	review	registry-semantic	registry	Software	shellcode.x86 (Cobalt Strike Beacon)	shellcode.x86.bin	c	registry	0	Cobalt Strike Beacon	
	review	registry-conflict	registry	Software	CVE-2018-7600	Drupalgeddon2	c	registry	0	CVE-2018-7600	
	review	registry-semantic	registry	Software	Microsoft Outlook	Outlook	c	registry	0	Microsoft Outlook	
	review	registry-semantic	registry	Software	CodeMeter.exe	WibuCm32.dll	c	registry	0	CodeMeter	
	review	registry-semantic	registry	Software	CredoMap	scan.exe (CredoMap_v2)	c	registry	0	CredoMap	
	review	registry-semantic	registry	Software	CredoMap_v2	scan.exe (CredoMap_v2)	c	registry	0	CredoMap	
	review	registry-semantic	registry	Software	MISP	Malware Information Sharing Platform (MISP)	c	registry	0	MISP	
	review	registry-semantic	registry	Software	LITEMANAGER	LiteManager Pro - Server	c	registry	0	LiteManager	
	review	registry-semantic	registry	Software	LITEMANAGER	ROMFUSClient.exe	c	registry	0	LiteManager	
	review	registry-semantic	registry	Software	LITEMANAGER	ROMServer.exe	c	registry	0	LiteManager	
	review	registry-semantic	registry	Software	LiteManager Pro - Server	ROMFUSClient.exe	c	registry	0	LiteManager	
	review	registry-semantic	registry	Software	LiteManager Pro - Server	ROMServer.exe	c	registry	0	LiteManager	
	review	registry-semantic	registry	Software	ROMFUSClient.exe	ROMServer.exe	c	registry	0	LiteManager	
	review	registry-semantic	registry	Software	Formbook	Formbook/XLoader v2.5	c	registry	0	FormBook	
	review	registry-semantic	registry	Software	Formbook	formbook.exe	c	registry	0	FormBook	
	review	registry-semantic	registry	Software	Formbook/XLoader v2.5	formbook.exe	c	registry	0	FormBook	
	review	registry-semantic	registry	Software	SPECTR	SPECTR.Archiver	c	registry	0	SPECTR	
	review	registry-semantic	registry	Software	SPECTR	SPECTR.Fs	c	registry	0	SPECTR	
	review	registry-semantic	registry	Software	SPECTR	SPECTR.Info	c	registry	0	SPECTR	
	review	registry-semantic	registry	Software	SPECTR	SPECTR.Installer	c	registry	0	SPECTR	
	review	registry-semantic	registry	Software	SPECTR	SPECTR.PluginLoader	c	registry	0	SPECTR	
	review	registry-semantic	registry	Software	SPECTR	SPECTR.Shell	c	registry	0	SPECTR	
	review	registry-semantic	registry	Software	SPECTR	SPECTR.Spectator2	c	registry	0	SPECTR	
	review	registry-semantic	registry	Software	SPECTR	SPECTR.Usb	c	registry	0	SPECTR	
	review	registry-semantic	registry	Software	SPECTR.Archiver	SPECTR.Fs	c	registry	0	SPECTR	
	review	registry-semantic	registry	Software	SPECTR.Archiver	SPECTR.Info	c	registry	0	SPECTR	
	review	registry-semantic	registry	Software	SPECTR.Archiver	SPECTR.Installer	c	registry	0	SPECTR	
	review	registry-semantic	registry	Software	SPECTR.Archiver	SPECTR.PluginLoader	c	registry	0	SPECTR	
	review	registry-semantic	registry	Software	SPECTR.Archiver	SPECTR.Shell	c	registry	0	SPECTR	
	review	registry-semantic	registry	Software	SPECTR.Archiver	SPECTR.Spectator2	c	registry	0	SPECTR	
	review	registry-semantic	registry	Software	SPECTR.Archiver	SPECTR.Usb	c	registry	0	SPECTR	
	review	registry-semantic	registry	Software	SPECTR.Fs	SPECTR.Installer	c	registry	0	SPECTR	
	review	registry-semantic	registry	Software	SPECTR.Fs	SPECTR.PluginLoader	c	registry	0	SPECTR	
	review	registry-semantic	registry	Software	SPECTR.Fs	SPECTR.Shell	c	registry	0	SPECTR	
	review	registry-semantic	registry	Software	SPECTR.Fs	SPECTR.Spectator2	c	registry	0	SPECTR	
	review	registry-semantic	registry	Software	SPECTR.Info	SPECTR.Installer	c	registry	0	SPECTR	
	review	registry-semantic	registry	Software	SPECTR.Info	SPECTR.PluginLoader	c	registry	0	SPECTR	
	review	registry-semantic	registry	Software	SPECTR.Info	SPECTR.Shell	c	registry	0	SPECTR	
	review	registry-semantic	registry	Software	SPECTR.Info	SPECTR.Spectator2	c	registry	0	SPECTR	
	review	registry-semantic	registry	Software	SPECTR.Info	SPECTR.Usb	c	registry	0	SPECTR	
	review	registry-semantic	registry	Software	SPECTR.Installer	SPECTR.PluginLoader	c	registry	0	SPECTR	
	review	registry-semantic	registry	Software	SPECTR.Installer	SPECTR.Shell	c	registry	0	SPECTR	
	review	registry-semantic	registry	Software	SPECTR.Installer	SPECTR.Spectator2	c	registry	0	SPECTR	
	review	registry-semantic	registry	Software	SPECTR.Installer	SPECTR.Usb	c	registry	0	SPECTR	
	review	registry-semantic	registry	Software	SPECTR.PluginLoader	SPECTR.Shell	c	registry	0	SPECTR	
	review	registry-semantic	registry	Software	SPECTR.PluginLoader	SPECTR.Spectator2	c	registry	0	SPECTR	
	review	registry-semantic	registry	Software	SPECTR.PluginLoader	SPECTR.Usb	c	registry	0	SPECTR	
	review	registry-semantic	registry	Software	SPECTR.Shell	SPECTR.Spectator2	c	registry	0	SPECTR	
	review	registry-semantic	registry	Software	SPECTR.Shell	SPECTR.Usb	c	registry	0	SPECTR	
	review	registry-semantic	registry	Software	SPECTR.Spectator2	SPECTR.Usb	c	registry	0	SPECTR	
	review	registry-semantic	registry	Software	REMCOS	REMCOS RAT	c	registry	0	Remcos	
	review	registry-semantic	registry	Software	REMCOS	REMCOSRAT	c	registry	0	Remcos	
	review	registry-semantic	registry	Software	DoubleZero	cpcrs.exe (DoubleZero)	c	registry	0	DoubleZero	
	review	registry-semantic	registry	Software	DoubleZero	csrss.exe (DoubleZero)	c	registry	0	DoubleZero	
	review	registry-semantic	registry	Software	Zimbra	Zimbra Collaboration Suite	c	registry	0	Zimbra Collaboration Suite	
	review	registry-semantic	registry	Software	Python	Python 2.7.18	c	registry	0	Python	
	review	registry-semantic	registry	Software	Python	Python interpreter	c	registry	0	Python	
	review	registry-semantic	registry	Software	Python 2.7.18	Python interpreter	c	registry	0	Python	
	review	registry-semantic	registry	Software	Microsoft Defender	Windows Defender	c	registry	0	Microsoft Defender	
	review	registry-semantic	registry	Software	TRYxaEbX	TRYxaEbX.ps1	c	registry	0	TRYxaEbX	
	review	registry-semantic	registry	Software	TRYxaEbX	TRYxaEbX_2.ps1	c	registry	0	TRYxaEbX	
	review	registry-semantic	registry	Software	RMS	TEKTONITRMS	c	registry	0	TektonIT RMS	
	review	registry-semantic	registry	Software	OpenSSH	OpenSSH server	c	registry	0	OpenSSH	
	review	registry-semantic	registry	Software	SRP	Software Restriction Policies (SRP)	c	registry	0	Software Restriction Policies (SRP)	
	review	registry-semantic	registry	Software	MESHAGENT	MeshCentral Assistant	c	registry	0	MeshCentral	
	review	registry-semantic	registry	Software	ArmyPlus.exe	ArmyPlusInstaller-v.0.10.23672.exe	c	registry	0	Армія+	
	review	registry-semantic	registry	Software	ArmyPlus.exe	ArmyPlusInstaller-v.0.10.23722.exe	c	registry	0	Армія+	
	review	registry-semantic	registry	Software	ArmyPlus.exe	Армія+	c	registry	0	Армія+	
	review	registry-semantic	registry	Software	ArmyPlusInstaller-v.0.10.23672.exe	Армія+	c	registry	0	Армія+	
	review	registry-semantic	registry	Software	ArmyPlusInstaller-v.0.10.23722.exe	Армія+	c	registry	0	Армія+	
	review	registry-semantic	registry	Country	Russia	Russian Federation	c	registry	0	Russia	
	review	registry-semantic	registry	Country	Russia	Російська Федерація	c	registry	0	Russia	
	review	registry-semantic	registry	Country	Russia	Росія	c	registry	0	Russia	
	review	registry-semantic	registry	Country	Russian Federation	Російська Федерація	c	registry	0	Russia	
	review	registry-semantic	registry	Country	Russian Federation	Росія	c	registry	0	Russia	
	review	registry-semantic	registry	Country	Російська Федерація	Росія	c	registry	0	Russia	
	review	registry-semantic	registry	Country	Ukraine	Україна	c	registry	0	Ukraine	
	review	registry-semantic	registry	Country	USA	США	c	registry	0	United States	
	review	registry-semantic	registry	Country	Poland	Польща	c	registry	0	Poland	
	review	registry-semantic	registry	Country	Kyrgyzstan	Киргизька Республіка	c	registry	0	Kyrgyzstan	
	review	registry-semantic	registry	Individual	Dmytro Oleksiuk	cr4sh	c	registry	0	Dmytro Oleksiuk	
	review	registry-semantic	registry	Sector	Government bodies of Ukraine	Ukrainian government bodies	c	registry	0	Government bodies of Ukraine	
	review	registry-semantic	registry	Sector	Government bodies of Ukraine	Державні органи України	c	registry	0	Government bodies of Ukraine	
	review	registry-semantic	registry	Sector	Government bodies of Ukraine	органи державної влади України	c	registry	0	Government bodies of Ukraine	
	review	registry-semantic	registry	Sector	Government bodies of Ukraine	українські органи державної влади	c	registry	0	Government bodies of Ukraine	
	review	registry-semantic	registry	Sector	Ukrainian government bodies	Державні органи України	c	registry	0	Government bodies of Ukraine	
	review	registry-semantic	registry	Sector	Ukrainian government bodies	органи державної влади України	c	registry	0	Government bodies of Ukraine	
	review	registry-semantic	registry	Sector	Ukrainian government bodies	українські органи державної влади	c	registry	0	Government bodies of Ukraine	
	review	registry-semantic	registry	Sector	Державні органи України	органи державної влади України	c	registry	0	Government bodies of Ukraine	
	review	registry-semantic	registry	Sector	Державні органи України	українські органи державної влади	c	registry	0	Government bodies of Ukraine	
	review	registry-semantic	registry	Sector	Ukrainian organizations	організації України	c	registry	0	Ukrainian organizations	
	review	registry-semantic	registry	Sector	Ukrainian organizations	українські організації	c	registry	0	Ukrainian organizations	
	review	registry-semantic	registry	Sector	організації України	українські організації	c	registry	0	Ukrainian organizations	
	review	registry-semantic	registry	Sector	Ukrainian citizens	Громадяни України	c	registry	0	Ukrainian citizens	
	review	registry-semantic	registry	Sector	Ukrainian media organizations	Медійні організації України	c	registry	0	Ukrainian media organizations	
	review	registry-semantic	registry	Sector	Органи державної влади	державні органи	c	registry	0	Government bodies	
	review	registry-semantic	registry	Sector	Ukrainian government organizations	державна організація України	c	registry	0	Ukrainian government organizations	
	review	registry-semantic	registry	Sector	Ukrainian government organizations	державні організації України	c	registry	0	Ukrainian government organizations	
	review	registry-semantic	registry	Sector	Ukrainian telecommunications providers	Інтернет сервіс провайдери України	c	registry	0	Ukrainian telecommunications operators and providers	
	review	registry-semantic	registry	Sector	Ukrainian telecommunications providers	Оператори та провайдери телекомунікацій України	c	registry	0	Ukrainian telecommunications operators and providers	
	review	registry-semantic	registry	Sector	Інтернет сервіс провайдери України	Оператори та провайдери телекомунікацій України	c	registry	0	Ukrainian telecommunications operators and providers	
	review	registry-semantic	registry	Sector	Ukrainian energy sector	енергетичний сектор України	c	registry	0	Ukrainian energy sector	
	review	registry-semantic	registry	Sector	Government sector of Ukraine	Ukrainian government sector	c	registry	0	Public sector of Ukraine	
	review	registry-semantic	registry	Sector	Бухгалтери підприємств	ЕОМ бухгалтерів	c	registry	0	Enterprise accountants	
	review	registry-semantic	registry	Sector	Бухгалтери підприємств	автоматизовані робочі місця бухгалтерів	c	registry	0	Enterprise accountants	
	review	registry-semantic	registry	Sector	ЕОМ бухгалтерів	автоматизовані робочі місця бухгалтерів	c	registry	0	Enterprise accountants	
	review	registry-semantic	registry	Sector	Ukrainian military	Військовослужбовці України	c	registry	0	Ukrainian military	
	review	registry-semantic	registry	Sector	Ukrainian military	військовослужбовці Збройних Сил України	c	registry	0	Ukrainian military	
	review	registry-semantic	registry	Sector	Військовослужбовці України	військовослужбовці Збройних Сил України	c	registry	0	Ukrainian military	
	review	registry-semantic	registry	Sector	Ukrainian defense enterprises	українські оборонні підприємства	c	registry	0	Ukrainian defense enterprises	
	review	registry-semantic	registry	Government Body	ДЦКЗ Держспецзв'язку	Державний центр кіберзахисту	c	registry	0	Державний центр кіберзахисту Держспецзв’язку	
	review	registry-semantic	registry	Government Body	ДЦКЗ Держспецзв'язку	Державний центр кіберзахисту Державної служби спеціального зв’язку та захисту інформації України	c	registry	0	Державний центр кіберзахисту Держспецзв’язку	
	review	registry-semantic	registry	Government Body	ДЦКЗ Держспецзв'язку	Державний центр кіберзахисту Держспецзв’язку	c	registry	0	Державний центр кіберзахисту Держспецзв’язку	
	review	registry-semantic	registry	Government Body	ДЦКЗ Держспецзв'язку	Державний центр кіберзахисту та протидії кіберзагрозам Держспецзв’язку	c	registry	0	Державний центр кіберзахисту Держспецзв’язку	
	review	registry-semantic	registry	Government Body	Державний центр кіберзахисту	Державний центр кіберзахисту Державної служби спеціального зв’язку та захисту інформації України	c	registry	0	Державний центр кіберзахисту Держспецзв’язку	
	review	registry-semantic	registry	Government Body	Державний центр кіберзахисту	Державний центр кіберзахисту та протидії кіберзагрозам Держспецзв’язку	c	registry	0	Державний центр кіберзахисту Держспецзв’язку	
	review	registry-semantic	registry	Government Body	Державний центр кіберзахисту Державної служби спеціального зв’язку та захисту інформації України	Державний центр кіберзахисту Держспецзв’язку	c	registry	0	Державний центр кіберзахисту Держспецзв’язку	
	review	registry-semantic	registry	Government Body	Державний центр кіберзахисту Державної служби спеціального зв’язку та захисту інформації України	Державний центр кіберзахисту та протидії кіберзагрозам Держспецзв’язку	c	registry	0	Державний центр кіберзахисту Держспецзв’язку	
	review	registry-semantic	registry	Government Body	CISA	Агентство з питань кібербезпеки та інфраструктури (CISA)	c	registry	0	Cybersecurity and Infrastructure Security Agency (CISA)	
	review	registry-semantic	registry	Government Body	Державна служба спеціального зв’язку та захисту інформації України	Держспецзв'язку	c	registry	0	Державна служба спеціального зв’язку та захисту інформації України	
	review	registry-semantic	registry	Government Body	Державна служба спеціального зв’язку та захисту інформації України	Держспецзв’язку	c	registry	0	Державна служба спеціального зв’язку та захисту інформації України	
	review	registry-semantic	registry	Government Body	НКЦК РНБО	Національний координаційний центр кібербезпеки	c	registry	0	Національний координаційний центр кібербезпеки РНБО України	
	review	registry-semantic	registry	Government Body	НКЦК РНБО	Національний координаційний центр кібербезпеки РНБО України (НКЦК)	c	registry	0	Національний координаційний центр кібербезпеки РНБО України	
	review	registry-semantic	registry	Government Body	Департамент кіберполіції Національної поліції України	Кіберполіція	c	registry	0	Департамент кіберполіції Національної поліції України	
	review	registry-semantic	registry	Government Body	Департаменту кіберполіції Національної поліції України	Кіберполіція	c	registry	0	Департамент кіберполіції Національної поліції України	
	review	registry-semantic	registry	Government Body	НБУ	Національний банк України	c	registry	0	Національний банк України	
	review	registry-semantic	registry	Government Body	НБУ	Національний банк України (НБУ)	c	registry	0	Національний банк України	
	review	registry-semantic	registry	Government Body	НБУ	Національного банку України	c	registry	0	Національний банк України	
	review	registry-semantic	registry	Government Body	Національний банк України (НБУ)	Національного банку України	c	registry	0	Національний банк України	
	review	registry-semantic	registry	Government Body	ЗСУ	Збройні Сили України	c	registry	0	Збройні Сили України	
	review	registry-semantic	registry	Government Body	Оперативний центр реагування на кіберінциденти	Оперативний центр реагування на кіберінциденти Державного центру кіберзахисту Держспецзв’язку	c	registry	0	Оперативний центр реагування на кіберінциденти (SOC) Державного центру кіберзахисту Держспецзв’язку	
	review	registry-semantic	registry	Government Body	Оперативний центр реагування на кіберінциденти	Оперативний центр реагування на кіберінциденти та кібератаки (SOC) Державного центру кіберзахисту	c	registry	0	Оперативний центр реагування на кіберінциденти (SOC) Державного центру кіберзахисту Держспецзв’язку	
	review	registry-semantic	registry	Government Body	МЗС	Міністерство закордонних справ України	c	registry	0	Міністерство закордонних справ України	
	review	registry-semantic	registry	Government Body	МОН	МОН України	c	registry	0	Міністерство освіти і науки України	
	review	registry-semantic	registry	Government Body	МОН	Міністерство освіти та науки України	c	registry	0	Міністерство освіти і науки України	
	review	registry-semantic	registry	Government Body	МОН України	Міністерство освіти та науки України	c	registry	0	Міністерство освіти і науки України	
	review	registry-semantic	registry	Government Body	Security Service of Ukraine (SBU)	СБ України	c	registry	0	Служба безпеки України	
	review	registry-semantic	registry	Government Body	Security Service of Ukraine (SBU)	СБУ	c	registry	0	Служба безпеки України	
	review	registry-semantic	registry	Government Body	Security Service of Ukraine (SBU)	Служба безпеки України	c	registry	0	Служба безпеки України	
	review	registry-semantic	registry	Government Body	Security Service of Ukraine (SBU)	Служба безпеки України (СБУ)	c	registry	0	Служба безпеки України	
	review	registry-semantic	registry	Government Body	СБ України	СБУ	c	registry	0	Служба безпеки України	
	review	registry-semantic	registry	Government Body	СБ України	Служба безпеки України	c	registry	0	Служба безпеки України	
	review	registry-semantic	registry	Government Body	СБ України	Служба безпеки України (СБУ)	c	registry	0	Служба безпеки України	
	review	registry-semantic	registry	Government Body	СБУ	Служба безпеки України	c	registry	0	Служба безпеки України	
	review	registry-semantic	registry	Government Body	СБУ	Служба безпеки України (СБУ)	c	registry	0	Служба безпеки України	
	review	registry-semantic	registry	Government Body	FSB of Russia	Federal Security Service of Russia (FSB)	c	registry	0	Federal Security Service of Russia (FSB)	
	review	registry-semantic	registry	Government Body	FSB of Russia	ФСБ	c	registry	0	Federal Security Service of Russia (FSB)	
	review	registry-semantic	registry	Government Body	Federal Security Service of Russia (FSB)	ФСБ	c	registry	0	Federal Security Service of Russia (FSB)	
	review	registry-semantic	registry	Government Body	ДСНС України	Державна служба України з надзвичайних ситуацій	c	registry	0	Державна служба України з надзвичайних ситуацій	
	review	registry-semantic	registry	Government Body	CSIRT-NBU	Національний банк України (CSIRT-NBU)	c	registry	0	CSIRT-NBU	
	review	registry-semantic	registry	Government Body	Центр кібербезпеки ІТС	Центр кібербезпеки ІТС (в/ч А0334)	c	registry	0	Центр кібернетичної безпеки інформаційно-телекомунікаційних систем (в/ч А0334)	
	review	registry-semantic	registry	Government Body	Центр кібербезпеки ІТС	Центр кібербезпеки ЗСУ (ЦКБ)	c	registry	0	Центр кібернетичної безпеки інформаційно-телекомунікаційних систем (в/ч А0334)	
	review	registry-semantic	registry	Government Body	Центр кібербезпеки ІТС	Центр кібернетичної безпеки інформаційно-телекомунікаційних систем військової частини А0334 (ЦКБ ІТС в/ч А0334)	c	registry	0	Центр кібернетичної безпеки інформаційно-телекомунікаційних систем (в/ч А0334)	
	review	registry-semantic	registry	Government Body	Центр кібербезпеки ІТС	в/ч A0334	c	registry	0	Центр кібернетичної безпеки інформаційно-телекомунікаційних систем (в/ч А0334)	
	review	registry-semantic	registry	Government Body	Центр кібербезпеки ІТС (в/ч А0334)	Центр кібербезпеки ЗСУ (ЦКБ)	c	registry	0	Центр кібернетичної безпеки інформаційно-телекомунікаційних систем (в/ч А0334)	
	review	registry-conflict	registry	Government Body	Центр кібербезпеки ІТС (в/ч А0334)	Центр кібернетичної безпеки інформаційно-телекомунікаційних систем військової частини А0334 (ЦКБ ІТС в/ч А0334)	c	registry	0	Центр кібернетичної безпеки інформаційно-телекомунікаційних систем (в/ч А0334)	
	review	registry-semantic	registry	Government Body	Центр кібербезпеки ІТС (в/ч А0334)	в/ч A0334	c	registry	0	Центр кібернетичної безпеки інформаційно-телекомунікаційних систем (в/ч А0334)	
	review	registry-semantic	registry	Government Body	Центр кібербезпеки ЗСУ (ЦКБ)	Центр кібернетичної безпеки інформаційно-телекомунікаційних систем військової частини А0334 (ЦКБ ІТС в/ч А0334)	c	registry	0	Центр кібернетичної безпеки інформаційно-телекомунікаційних систем (в/ч А0334)	
	review	registry-semantic	registry	Government Body	Центр кібербезпеки ЗСУ (ЦКБ)	в/ч A0334	c	registry	0	Центр кібернетичної безпеки інформаційно-телекомунікаційних систем (в/ч А0334)	
	review	registry-conflict	registry	Government Body	Центр кібернетичної безпеки інформаційно-телекомунікаційних систем військової частини А0334 (ЦКБ ІТС в/ч А0334)	в/ч A0334	c	registry	0	Центр кібернетичної безпеки інформаційно-телекомунікаційних систем (в/ч А0334)	
	review	registry-semantic	registry	Government Body	Security and Defense Forces of Ukraine	Сили оборони України	c	registry	0	Сили оборони України	
	review	registry-semantic	registry	Government Body	MIL.CERT-UA	MILCERT	c	registry	0	MILCERT	
	review	registry-semantic	registry	Infrastructure	TOR	TOR network	c	registry	0	Tor network	
	review	registry-semantic	registry	Infrastructure	Єдина судова інформаційно-телекомунікаційна система (ЄСІТС)	Електронний суд	c	registry	0	Єдина судова інформаційно-телекомунікаційна система (ЄСІТС)	
	review	registry-semantic	registry	Device	Mikrotik equipment	маршрутизатори Mikrotik	c	registry	0	MikroTik devices	
